trial,gen,CR,Faith,AR,W-Score,bm25_k,vec_k,rrf_k,rerank_k,thresh,fk,reranker,reranker_type,fusion,alpha,mode,adapt_thresh
0,1,0.8163,0.8913,0.8697,2.8426,50,50,50,25,0.0500,10,Alibaba-NLP/gte-reranker-modernbert-base,auto,rrf,0.50,fixed,0.050
1,1,0.8429,0.8945,0.8766,2.8805,193,286,223,34,0.0432,3,DiTy/cross-encoder-russian-msmarco,auto,rrf,0.27,fixed,0.086
2,1,0.8192,0.9206,0.8699,2.8808,100,98,162,27,0.0764,7,Alibaba-NLP/gte-reranker-modernbert-base,auto,weighted,0.57,adaptive,0.059
3,1,0.8119,0.8937,0.8671,2.8382,308,59,28,48,0.2416,9,Alibaba-NLP/gte-reranker-modernbert-base,auto,rrf,0.83,fixed,0.102
4,1,0.8211,0.8604,0.8636,2.8035,335,100,161,32,0.0503,10,DiTy/cross-encoder-russian-msmarco,auto,weighted,0.14,adaptive,0.115
5,1,0.8401,0.9223,0.8724,2.9064,200,88,251,24,0.0738,6,DiTy/cross-encoder-russian-msmarco,auto,rrf,0.75,fixed,0.191
6,1,0.8308,0.9524,0.8720,2.9329,367,234,31,24,0.0334,9,Shattsur/nemotron-smeta-4bit-adapter,auto,weighted,0.81,fixed,0.144
7,1,0.7887,0.9154,0.8659,2.8397,68,217,231,33,0.1939,6,Shattsur/nemotron-smeta-4bit-adapter,auto,rrf,0.51,fixed,0.232
8,1,0.8470,0.9261,0.8667,2.9117,132,129,229,19,0.0239,4,DiTy/cross-encoder-russian-msmarco,auto,weighted,0.81,fixed,0.158
9,1,0.8366,0.9265,0.8715,2.9071,406,270,102,14,0.0608,5,DiTy/cross-encoder-russian-msmarco,auto,rrf,0.37,fixed,0.239
10,1,0.8348,0.8890,0.8695,2.8581,168,160,214,24,0.2431,10,DiTy/cross-encoder-russian-msmarco,auto,rrf,0.14,fixed,0.106
11,1,0.8441,0.9189,0.8641,2.8972,455,79,52,30,0.2465,4,DiTy/cross-encoder-russian-msmarco,auto,rrf,0.53,adaptive,0.068
12,1,0.8385,0.8885,0.8715,2.8633,420,103,64,11,0.1498,8,DiTy/cross-encoder-russian-msmarco,auto,rrf,0.85,fixed,0.078
13,1,0.8144,0.9173,0.8689,2.8710,177,43,279,45,0.0682,7,Shattsur/nemotron-smeta-4bit-adapter,auto,rrf,0.61,adaptive,0.118
14,1,0.8164,0.9011,0.8728,2.8578,181,221,271,46,0.1961,7,Alibaba-NLP/gte-reranker-modernbert-base,auto,rrf,0.10,adaptive,0.082
15,1,0.8407,0.8986,0.8651,2.8707,279,211,199,19,0.1795,4,DiTy/cross-encoder-russian-msmarco,auto,rrf,0.39,fixed,0.103
16,1,0.8350,0.8954,0.8719,2.8685,129,293,124,46,0.1596,9,DiTy/cross-encoder-russian-msmarco,auto,weighted,0.62,fixed,0.085
17,1,0.8275,0.8825,0.8714,2.8451,471,287,276,25,0.0088,10,DiTy/cross-encoder-russian-msmarco,auto,rrf,0.35,adaptive,0.084
18,1,0.8242,0.9162,0.8719,2.8827,283,282,212,33,0.0288,7,Shattsur/nemotron-smeta-4bit-adapter,auto,rrf,0.39,adaptive,0.109
19,1,0.8023,0.9334,0.8722,2.8819,407,245,262,47,0.1303,6,Shattsur/nemotron-smeta-4bit-adapter,auto,weighted,0.18,adaptive,0.166
20,1,0.8503,0.9184,0.8759,2.9158,27,145,167,21,0.1498,2,DiTy/cross-encoder-russian-msmarco,auto,weighted,0.60,fixed,0.067
21,1,0.8259,0.9294,0.8667,2.8946,35,164,167,36,0.1829,10,Alibaba-NLP/gte-reranker-modernbert-base,auto,weighted,0.87,fixed,0.217
22,1,0.8331,0.9090,0.8815,2.8935,351,129,60,16,0.0663,6,Shattsur/nemotron-smeta-4bit-adapter,auto,rrf,0.44,adaptive,0.100
23,1,0.8454,0.9333,0.8828,2.9365,184,230,14,14,0.0163,2,Shattsur/nemotron-smeta-4bit-adapter,auto,weighted,0.45,fixed,0.130
24,1,0.8376,0.9315,0.8738,2.9166,312,194,23,25,0.1583,6,Shattsur/nemotron-smeta-4bit-adapter,auto,weighted,0.85,adaptive,0.165
25,1,0.8297,0.9210,0.8783,2.9010,200,197,143,32,0.2357,5,Shattsur/nemotron-smeta-4bit-adapter,auto,weighted,0.65,adaptive,0.064
26,1,0.8253,0.9195,0.8701,2.8858,166,255,16,43,0.0741,3,Alibaba-NLP/gte-reranker-modernbert-base,auto,weighted,0.70,fixed,0.211
27,1,0.8221,0.8441,0.8626,2.7838,496,130,118,41,0.0885,10,Shattsur/nemotron-smeta-4bit-adapter,auto,rrf,0.76,fixed,0.114
28,2,0.8442,0.9011,0.8686,2.8810,449,123,13,47,0.0274,4,DiTy/cross-encoder-russian-msmarco,auto,rrf,0.64,adaptive,0.200
29,2,0.8326,0.8791,0.8716,2.8463,398,197,143,42,0.0088,10,DiTy/cross-encoder-russian-msmarco,auto,rrf,0.81,adaptive,0.084
30,2,0.8302,0.9281,0.8666,2.8972,182,255,44,15,0.1498,3,Alibaba-NLP/gte-reranker-modernbert-base,auto,weighted,0.60,fixed,0.067
31,2,0.8321,0.9211,0.8748,2.8998,471,160,276,14,0.0088,2,Alibaba-NLP/gte-reranker-modernbert-base,auto,rrf,0.40,adaptive,0.084
32,2,0.8305,0.9238,0.8724,2.8987,166,255,16,25,0.2041,3,Alibaba-NLP/gte-reranker-modernbert-base,auto,weighted,0.70,fixed,0.125
33,2,0.8378,0.9372,0.8639,2.9126,50,88,271,41,0.0738,7,DiTy/cross-encoder-russian-msmarco,auto,rrf,0.49,adaptive,0.191
34,2,0.8031,0.8947,0.8626,2.8256,15,103,167,11,0.1829,8,Alibaba-NLP/gte-reranker-modernbert-base,auto,weighted,0.20,fixed,0.074
35,2,0.8400,0.9099,0.8718,2.8909,328,227,179,33,0.2407,5,DiTy/cross-encoder-russian-msmarco,auto,rrf,0.51,fixed,0.232
36,2,0.7594,0.9020,0.8618,2.7898,312,230,14,49,0.1583,2,Shattsur/nemotron-smeta-4bit-adapter,auto,rrf,0.85,adaptive,0.249
37,2,0.8239,0.9458,0.8717,2.9177,283,282,31,32,0.1407,7,Shattsur/nemotron-smeta-4bit-adapter,auto,rrf,0.39,fixed,0.109
38,2,0.8453,0.9343,0.8703,2.9238,129,293,124,46,0.1596,3,DiTy/cross-encoder-russian-msmarco,auto,weighted,0.82,fixed,0.085
39,2,0.8172,0.9139,0.8662,2.8666,100,286,23,27,0.0738,10,Alibaba-NLP/gte-reranker-modernbert-base,auto,rrf,0.57,fixed,0.086
40,2,0.8295,0.9107,0.8684,2.8775,447,255,142,35,0.0730,3,Alibaba-NLP/gte-reranker-modernbert-base,auto,weighted,0.70,fixed,0.211
41,2,0.8336,0.9404,0.8700,2.9190,48,293,296,14,0.1760,2,Alibaba-NLP/gte-reranker-modernbert-base,auto,weighted,0.45,fixed,0.157
42,2,0.8289,0.9008,0.8688,2.8656,161,129,246,34,0.0432,8,Shattsur/nemotron-smeta-4bit-adapter,auto,weighted,0.76,fixed,0.100
43,2,0.8355,0.8943,0.8639,2.8588,476,293,124,19,0.1828,7,DiTy/cross-encoder-russian-msmarco,auto,rrf,0.62,adaptive,0.158
44,2,0.8364,0.9082,0.8617,2.8741,100,297,53,27,0.0764,7,DiTy/cross-encoder-russian-msmarco,auto,rrf,0.57,adaptive,0.169
45,2,0.8192,0.8914,0.8669,2.8425,100,120,262,27,0.1303,6,Alibaba-NLP/gte-reranker-modernbert-base,auto,weighted,0.57,fixed,0.218
46,2,0.8360,0.9270,0.8745,2.9103,200,146,130,24,0.0738,6,DiTy/cross-encoder-russian-msmarco,auto,rrf,0.75,fixed,0.250
47,2,0.8080,0.9211,0.8657,2.8656,499,245,262,47,0.1303,6,Alibaba-NLP/gte-reranker-modernbert-base,auto,weighted,0.18,fixed,0.140
48,2,0.8283,0.9317,0.8807,2.9152,35,197,167,32,0.1829,3,Shattsur/nemotron-smeta-4bit-adapter,auto,rrf,0.59,adaptive,0.064
49,2,0.8217,0.9164,0.8660,2.8740,200,197,114,32,0.0328,5,Alibaba-NLP/gte-reranker-modernbert-base,auto,weighted,0.65,adaptive,0.064
50,2,0.8434,0.9385,0.8817,2.9394,265,270,257,32,0.1424,2,Shattsur/nemotron-smeta-4bit-adapter,auto,weighted,0.60,fixed,0.067
51,2,0.8344,0.8919,0.8670,2.8584,355,293,71,15,0.0086,9,DiTy/cross-encoder-russian-msmarco,auto,weighted,0.62,fixed,0.137
52,2,0.8201,0.9113,0.8676,2.8680,453,211,162,27,0.1795,5,Alibaba-NLP/gte-reranker-modernbert-base,auto,rrf,0.42,adaptive,0.174
53,2,0.8394,0.9362,0.8694,2.9192,200,88,251,30,0.0738,6,DiTy/cross-encoder-russian-msmarco,auto,rrf,0.79,fixed,0.240
54,2,0.8460,0.9081,0.8633,2.8854,27,52,162,47,0.1256,2,DiTy/cross-encoder-russian-msmarco,auto,weighted,0.57,fixed,0.067
55,2,0.8284,0.9227,0.8718,2.8946,491,153,167,46,0.1498,4,Shattsur/nemotron-smeta-4bit-adapter,auto,weighted,0.60,fixed,0.076
56,3,0.8459,0.9279,0.8742,2.9211,406,255,16,15,0.0741,3,DiTy/cross-encoder-russian-msmarco,auto,rrf,0.38,fixed,0.239
57,3,0.8365,0.9360,0.8745,2.9216,265,164,270,32,0.1829,2,Alibaba-NLP/gte-reranker-modernbert-base,auto,weighted,0.87,fixed,0.217
58,3,0.8279,0.9242,0.8792,2.9040,35,129,167,29,0.0663,3,Shattsur/nemotron-smeta-4bit-adapter,auto,weighted,0.44,adaptive,0.064
59,3,0.8415,0.9134,0.8645,2.8885,27,91,167,21,0.0484,6,DiTy/cross-encoder-russian-msmarco,auto,weighted,0.60,adaptive,0.067
60,3,0.8452,0.9230,0.8674,2.9070,27,123,144,21,0.0556,2,DiTy/cross-encoder-russian-msmarco,auto,rrf,0.64,adaptive,0.200
61,3,0.8434,0.9385,0.8817,2.9394,265,270,210,32,0.0146,2,Shattsur/nemotron-smeta-4bit-adapter,auto,weighted,0.60,fixed,0.067
62,3,0.8448,0.9238,0.8721,2.9126,402,192,199,19,0.0250,3,DiTy/cross-encoder-russian-msmarco,auto,weighted,0.39,fixed,0.103
63,3,0.8281,0.9183,0.8776,2.8954,265,282,70,32,0.1407,5,Shattsur/nemotron-smeta-4bit-adapter,auto,weighted,0.60,fixed,0.067
64,3,0.8281,0.9088,0.8667,2.8720,132,129,229,19,0.1237,7,Alibaba-NLP/gte-reranker-modernbert-base,auto,weighted,0.81,adaptive,0.158
65,3,0.7695,0.9136,0.8590,2.8107,129,217,14,14,0.2243,2,Shattsur/nemotron-smeta-4bit-adapter,auto,weighted,0.82,fixed,0.085
66,3,0.8294,0.9252,0.8695,2.8961,455,270,257,30,0.1424,2,Alibaba-NLP/gte-reranker-modernbert-base,auto,weighted,0.36,fixed,0.068
67,3,0.8436,0.9345,0.8812,2.9343,200,197,14,18,0.0852,2,Shattsur/nemotron-smeta-4bit-adapter,auto,weighted,0.45,fixed,0.130
68,3,0.8422,0.9261,0.8726,2.9133,68,269,31,34,0.0334,3,DiTy/cross-encoder-russian-msmarco,auto,weighted,0.27,fixed,0.086
69,3,0.8163,0.9221,0.8678,2.8775,35,239,167,30,0.0738,6,Alibaba-NLP/gte-reranker-modernbert-base,auto,rrf,0.59,adaptive,0.250
70,3,0.8423,0.8934,0.8632,2.8639,376,135,47,21,0.0738,6,DiTy/cross-encoder-russian-msmarco,auto,weighted,0.75,fixed,0.164
71,3,0.8438,0.9261,0.8666,2.9084,406,79,16,30,0.2465,4,DiTy/cross-encoder-russian-msmarco,auto,weighted,0.38,fixed,0.239
72,3,0.8448,0.9214,0.8755,2.9136,59,286,54,20,0.0444,3,DiTy/cross-encoder-russian-msmarco,auto,rrf,0.37,fixed,0.107
73,3,0.8339,0.8861,0.8708,2.8552,449,60,13,47,0.0274,10,DiTy/cross-encoder-russian-msmarco,auto,rrf,0.64,adaptive,0.200
74,3,0.8337,0.9254,0.8664,2.8972,27,33,162,26,0.1596,10,DiTy/cross-encoder-russian-msmarco,auto,weighted,0.62,fixed,0.085
75,3,0.8313,0.9322,0.8722,2.9093,27,145,167,47,0.1256,2,Alibaba-NLP/gte-reranker-modernbert-base,auto,weighted,0.57,fixed,0.067
76,3,0.7607,0.9143,0.8588,2.8025,35,197,167,32,0.2170,9,Shattsur/nemotron-smeta-4bit-adapter,auto,rrf,0.59,adaptive,0.240
77,3,0.8503,0.9184,0.8759,2.9158,27,145,204,21,0.2327,2,DiTy/cross-encoder-russian-msmarco,auto,weighted,0.60,adaptive,0.067
78,3,0.8441,0.9379,0.8819,2.9396,265,64,257,32,0.0843,2,Shattsur/nemotron-smeta-4bit-adapter,auto,weighted,0.81,fixed,0.135
79,3,0.7928,0.9074,0.8726,2.8415,129,211,124,19,0.1795,4,Shattsur/nemotron-smeta-4bit-adapter,auto,rrf,0.62,fixed,0.085
80,3,0.8398,0.9246,0.8719,2.9084,309,93,179,16,0.1229,3,DiTy/cross-encoder-russian-msmarco,auto,rrf,0.27,fixed,0.239
81,3,0.8285,0.9213,0.8666,2.8873,184,230,14,12,0.0738,10,DiTy/cross-encoder-russian-msmarco,auto,weighted,0.45,fixed,0.169
82,3,0.8428,0.8781,0.8701,2.8537,367,211,147,24,0.1795,5,DiTy/cross-encoder-russian-msmarco,auto,weighted,0.76,adaptive,0.103
83,3,0.8437,0.9549,0.8679,2.9443,406,270,102,14,0.2414,3,DiTy/cross-encoder-russian-msmarco,auto,rrf,0.37,adaptive,0.239
84,4,0.8428,0.9377,0.8765,2.9323,292,52,254,15,0.0163,2,Shattsur/nemotron-smeta-4bit-adapter,auto,weighted,0.23,fixed,0.067
85,4,0.8316,0.9413,0.8807,2.9298,283,247,31,37,0.1332,2,Shattsur/nemotron-smeta-4bit-adapter,auto,weighted,0.45,adaptive,0.130
86,4,0.8281,0.9016,0.8767,2.8743,406,197,137,25,0.2414,3,Alibaba-NLP/gte-reranker-modernbert-base,auto,rrf,0.59,adaptive,0.239
87,4,0.8454,0.9351,0.8686,2.9229,256,129,77,19,0.2465,4,DiTy/cross-encoder-russian-msmarco,auto,weighted,0.53,fixed,0.231
88,4,0.8360,0.9363,0.8754,2.9225,27,230,191,14,0.1256,2,Shattsur/nemotron-smeta-4bit-adapter,auto,weighted,0.19,fixed,0.130
89,4,0.8476,0.9247,0.8744,2.9192,406,283,102,34,0.1588,3,DiTy/cross-encoder-russian-msmarco,auto,rrf,0.37,fixed,0.078
90,4,0.8461,0.9137,0.8648,2.8938,27,241,162,47,0.1569,2,DiTy/cross-encoder-russian-msmarco,auto,weighted,0.57,fixed,0.208
91,4,0.8460,0.9221,0.8676,2.9069,84,64,167,21,0.0843,4,DiTy/cross-encoder-russian-msmarco,auto,weighted,0.80,fixed,0.118
92,4,0.7920,0.8820,0.8630,2.7997,367,248,42,32,0.1795,9,Shattsur/nemotron-smeta-4bit-adapter,auto,weighted,0.81,fixed,0.096
93,4,0.8253,0.8960,0.8678,2.8550,364,197,143,32,0.2357,8,Shattsur/nemotron-smeta-4bit-adapter,auto,weighted,0.53,adaptive,0.064
94,4,0.8396,0.9285,0.8783,2.9200,35,197,167,20,0.0897,3,Shattsur/nemotron-smeta-4bit-adapter,auto,weighted,0.59,adaptive,0.064
95,4,0.7992,0.9178,0.8731,2.8610,48,293,296,14,0.1760,2,Shattsur/nemotron-smeta-4bit-adapter,auto,rrf,0.45,adaptive,0.167
96,4,0.8512,0.9289,0.8768,2.9303,258,255,187,10,0.1256,2,DiTy/cross-encoder-russian-msmarco,auto,weighted,0.66,fixed,0.239
97,4,0.8151,0.9344,0.8732,2.8969,35,282,31,47,0.1783,7,Shattsur/nemotron-smeta-4bit-adapter,auto,rrf,0.44,adaptive,0.109
98,4,0.8401,0.8921,0.8631,2.8601,307,123,144,21,0.0556,5,DiTy/cross-encoder-russian-msmarco,auto,rrf,0.39,adaptive,0.140
99,4,0.7693,0.8980,0.8578,2.7905,292,42,254,15,0.2463,9,Shattsur/nemotron-smeta-4bit-adapter,auto,weighted,0.60,fixed,0.075
100,4,0.7699,0.9178,0.8554,2.8122,367,234,31,14,0.2306,2,Shattsur/nemotron-smeta-4bit-adapter,auto,weighted,0.37,fixed,0.130
101,4,0.8448,0.9238,0.8721,2.9126,59,192,199,19,0.0250,3,DiTy/cross-encoder-russian-msmarco,auto,weighted,0.39,fixed,0.107
102,4,0.8224,0.9075,0.8703,2.8687,173,125,167,29,0.0663,6,Shattsur/nemotron-smeta-4bit-adapter,auto,weighted,0.44,adaptive,0.100
103,4,0.8344,0.9151,0.8794,2.8998,265,129,110,16,0.0663,5,Shattsur/nemotron-smeta-4bit-adapter,auto,rrf,0.21,adaptive,0.100
104,4,0.8460,0.9158,0.8685,2.9003,96,286,54,30,0.0444,3,DiTy/cross-encoder-russian-msmarco,auto,weighted,0.60,adaptive,0.067
105,4,0.8480,0.9223,0.8666,2.9080,367,115,31,33,0.1599,2,DiTy/cross-encoder-russian-msmarco,auto,rrf,0.43,fixed,0.067
106,4,0.7865,0.9041,0.8613,2.8189,351,123,300,47,0.0274,6,Shattsur/nemotron-smeta-4bit-adapter,auto,rrf,0.44,adaptive,0.200
107,4,0.8472,0.9288,0.8665,2.9149,35,211,147,34,0.1795,2,DiTy/cross-encoder-russian-msmarco,auto,weighted,0.59,adaptive,0.064
108,4,0.8143,0.8807,0.8691,2.8271,378,234,31,24,0.0564,10,Shattsur/nemotron-smeta-4bit-adapter,auto,weighted,0.26,fixed,0.144
109,4,0.8384,0.8604,0.8736,2.8318,406,65,20,19,0.0250,6,DiTy/cross-encoder-russian-msmarco,auto,weighted,0.39,fixed,0.103
110,4,0.8408,0.9036,0.8681,2.8800,287,123,144,19,0.0211,8,DiTy/cross-encoder-russian-msmarco,auto,weighted,0.64,adaptive,0.200
111,4,0.8285,0.8860,0.8720,2.8509,184,138,126,14,0.0852,7,Shattsur/nemotron-smeta-4bit-adapter,auto,weighted,0.45,fixed,0.130
112,5,0.8247,0.8996,0.8686,2.8597,86,230,143,17,0.2357,9,Shattsur/nemotron-smeta-4bit-adapter,auto,rrf,0.45,adaptive,0.064
113,5,0.8420,0.9414,0.8821,2.9421,200,88,147,34,0.1628,2,Shattsur/nemotron-smeta-4bit-adapter,auto,weighted,0.59,fixed,0.130
114,5,0.8311,0.9420,0.8818,2.9315,256,129,55,39,0.0163,2,Shattsur/nemotron-smeta-4bit-adapter,auto,weighted,0.45,fixed,0.231
115,5,0.8385,0.9516,0.8768,2.9450,19,247,31,14,0.2010,3,Shattsur/nemotron-smeta-4bit-adapter,auto,weighted,0.45,adaptive,0.130
116,5,0.8258,0.9055,0.8678,2.8671,265,270,80,32,0.1407,8,Shattsur/nemotron-smeta-4bit-adapter,auto,weighted,0.60,fixed,0.109
117,5,0.8479,0.9285,0.8637,2.9121,256,145,77,22,0.2327,2,DiTy/cross-encoder-russian-msmarco,auto,rrf,0.53,adaptive,0.231
118,5,0.8433,0.9237,0.8708,2.9096,283,241,17,17,0.1478,5,DiTy/cross-encoder-russian-msmarco,auto,weighted,0.45,fixed,0.130
119,5,0.8260,0.9471,0.8799,2.9305,283,269,162,47,0.1332,2,Shattsur/nemotron-smeta-4bit-adapter,auto,weighted,0.31,fixed,0.208
120,5,0.8272,0.8985,0.8653,2.8573,265,270,210,20,0.0980,3,Alibaba-NLP/gte-reranker-modernbert-base,auto,weighted,0.37,fixed,0.132
121,5,0.8495,0.9203,0.8667,2.9071,256,129,170,27,0.1569,2,DiTy/cross-encoder-russian-msmarco,auto,weighted,0.57,fixed,0.231
122,5,0.8243,0.9089,0.8753,2.8778,283,247,95,14,0.0163,10,Shattsur/nemotron-smeta-4bit-adapter,auto,weighted,0.45,fixed,0.130
123,5,0.8460,0.9141,0.8637,2.8929,283,232,50,37,0.0239,2,DiTy/cross-encoder-russian-msmarco,auto,weighted,0.81,adaptive,0.130
124,5,0.8399,0.9042,0.8775,2.8902,436,151,296,20,0.0897,3,Shattsur/nemotron-smeta-4bit-adapter,auto,weighted,0.82,fixed,0.157
125,5,0.8294,0.9252,0.8801,2.9078,35,197,167,34,0.2010,3,Shattsur/nemotron-smeta-4bit-adapter,auto,rrf,0.44,adaptive,0.064
126,5,0.8461,0.9201,0.8680,2.9050,21,88,167,35,0.0682,3,DiTy/cross-encoder-russian-msmarco,auto,weighted,0.57,fixed,0.208
127,5,0.8379,0.9307,0.8575,2.8980,143,129,77,32,0.1407,7,DiTy/cross-encoder-russian-msmarco,auto,weighted,0.53,fixed,0.054
128,5,0.8312,0.9268,0.8683,2.8985,367,115,31,10,0.1599,10,DiTy/cross-encoder-russian-msmarco,auto,weighted,0.43,fixed,0.067
129,5,0.8363,0.9379,0.8659,2.9143,406,283,102,34,0.0721,6,DiTy/cross-encoder-russian-msmarco,auto,weighted,0.37,fixed,0.078
130,5,0.8434,0.9385,0.8817,2.9394,15,283,49,34,0.1332,2,Shattsur/nemotron-smeta-4bit-adapter,auto,rrf,0.58,fixed,0.078
131,5,0.8203,0.8985,0.8735,2.8593,304,270,257,37,0.0480,10,Shattsur/nemotron-smeta-4bit-adapter,auto,rrf,0.59,adaptive,0.064
132,5,0.8512,0.9289,0.8768,2.9303,264,197,23,10,0.1256,2,DiTy/cross-encoder-russian-msmarco,auto,weighted,0.59,fixed,0.083
133,5,0.8368,0.9359,0.8632,2.9093,406,255,16,40,0.1407,7,DiTy/cross-encoder-russian-msmarco,auto,rrf,0.38,fixed,0.067
134,5,0.8418,0.9547,0.8829,2.9587,283,247,257,32,0.1332,2,Shattsur/nemotron-smeta-4bit-adapter,auto,rrf,0.60,fixed,0.130
135,5,0.8279,0.8899,0.8735,2.8566,200,282,14,25,0.0757,7,Shattsur/nemotron-smeta-4bit-adapter,auto,rrf,0.39,adaptive,0.109
136,5,0.8428,0.9358,0.8664,2.9189,155,174,148,19,0.0897,4,DiTy/cross-encoder-russian-msmarco,auto,weighted,0.63,fixed,0.064
137,5,0.8329,0.9324,0.8800,2.9198,469,223,31,32,0.0146,3,Shattsur/nemotron-smeta-4bit-adapter,auto,weighted,0.58,fixed,0.060
138,5,0.8310,0.9268,0.8714,2.9017,283,247,31,30,0.1256,2,Alibaba-NLP/gte-reranker-modernbert-base,auto,rrf,0.66,fixed,0.196
139,5,0.8436,0.9345,0.8812,2.9343,200,154,14,18,0.0843,2,Shattsur/nemotron-smeta-4bit-adapter,auto,weighted,0.45,fixed,0.214
140,6,0.8443,0.9241,0.8697,2.9098,35,255,187,20,0.2009,3,DiTy/cross-encoder-russian-msmarco,auto,weighted,0.59,fixed,0.064
141,6,0.8413,0.9059,0.8717,2.8873,283,181,162,46,0.0934,3,DiTy/cross-encoder-russian-msmarco,auto,weighted,0.21,adaptive,0.085
142,6,0.8421,0.9244,0.8662,2.9042,256,286,31,22,0.2327,6,DiTy/cross-encoder-russian-msmarco,auto,weighted,0.53,adaptive,0.231
143,6,0.8156,0.9224,0.8657,2.8747,367,234,31,45,0.0334,8,Shattsur/nemotron-smeta-4bit-adapter,auto,rrf,0.75,fixed,0.130
144,6,0.8461,0.9137,0.8648,2.8938,333,211,257,37,0.1332,2,DiTy/cross-encoder-russian-msmarco,auto,weighted,0.60,adaptive,0.067
145,6,0.8152,0.8450,0.8646,2.7803,406,74,102,34,0.0721,10,Shattsur/nemotron-smeta-4bit-adapter,auto,weighted,0.37,fixed,0.078
146,6,0.8231,0.9450,0.8718,2.9161,264,282,31,32,0.1256,7,Shattsur/nemotron-smeta-4bit-adapter,auto,rrf,0.39,fixed,0.109
147,6,0.8407,0.9539,0.8838,2.9576,352,129,55,39,0.1332,2,Shattsur/nemotron-smeta-4bit-adapter,auto,rrf,0.58,fixed,0.109
148,6,0.8373,0.9293,0.8665,2.9057,27,145,278,49,0.2363,7,DiTy/cross-encoder-russian-msmarco,auto,weighted,0.39,fixed,0.067
149,6,0.8422,0.9407,0.8808,2.9399,256,255,77,34,0.0832,2,Shattsur/nemotron-smeta-4bit-adapter,auto,weighted,0.53,fixed,0.096
150,6,0.8505,0.9334,0.8784,2.9368,69,270,296,14,0.1424,2,DiTy/cross-encoder-russian-msmarco,auto,weighted,0.68,fixed,0.067
151,6,0.8358,0.9291,0.8756,2.9138,42,151,296,20,0.1332,4,Shattsur/nemotron-smeta-4bit-adapter,auto,weighted,0.82,fixed,0.114
152,6,0.8440,0.9606,0.8855,2.9708,317,267,49,18,0.1332,2,Shattsur/nemotron-smeta-4bit-adapter,auto,rrf,0.45,fixed,0.214
153,6,0.8325,0.9405,0.8672,2.9150,19,255,31,14,0.2010,2,Alibaba-NLP/gte-reranker-modernbert-base,auto,weighted,0.45,adaptive,0.120
154,6,0.7622,0.9084,0.8622,2.8007,386,129,55,39,0.1035,2,Shattsur/nemotron-smeta-4bit-adapter,auto,weighted,0.45,adaptive,0.231
155,6,0.8437,0.9385,0.8819,2.9399,15,264,296,34,0.2461,2,Shattsur/nemotron-smeta-4bit-adapter,auto,rrf,0.58,adaptive,0.157
156,6,0.8459,0.9362,0.8802,2.9375,367,269,79,24,0.0334,2,Shattsur/nemotron-smeta-4bit-adapter,auto,weighted,0.81,fixed,0.144
157,6,0.8454,0.9329,0.8820,2.9350,200,255,14,18,0.1256,2,Shattsur/nemotron-smeta-4bit-adapter,auto,weighted,0.66,fixed,0.109
158,6,0.8292,0.8944,0.8702,2.8596,367,234,31,14,0.0622,9,Alibaba-NLP/gte-reranker-modernbert-base,auto,weighted,0.81,fixed,0.136
159,6,0.8438,0.9601,0.8866,2.9712,283,121,207,18,0.2377,2,Shattsur/nemotron-smeta-4bit-adapter,auto,rrf,0.86,adaptive,0.143
160,6,0.8330,0.9277,0.8807,2.9150,193,286,223,35,0.1628,3,Shattsur/nemotron-smeta-4bit-adapter,auto,rrf,0.27,adaptive,0.086
161,6,0.8390,0.9125,0.8623,2.8825,123,284,204,36,0.2327,7,DiTy/cross-encoder-russian-msmarco,auto,weighted,0.81,fixed,0.153
162,6,0.8310,0.9214,0.8825,2.9074,265,77,210,39,0.0163,3,Shattsur/nemotron-smeta-4bit-adapter,auto,weighted,0.60,fixed,0.067
163,6,0.8369,0.9323,0.8726,2.9155,392,111,26,14,0.2424,2,Alibaba-NLP/gte-reranker-modernbert-base,auto,weighted,0.81,adaptive,0.202
164,6,0.8316,0.9413,0.8807,2.9298,283,247,55,38,0.0163,2,Shattsur/nemotron-smeta-4bit-adapter,auto,weighted,0.45,fixed,0.130
165,6,0.8440,0.9606,0.8855,2.9708,258,247,187,16,0.2049,2,Shattsur/nemotron-smeta-4bit-adapter,auto,rrf,0.45,adaptive,0.130
166,6,0.8109,0.9416,0.8681,2.8958,283,270,178,13,0.1332,2,Shattsur/nemotron-smeta-4bit-adapter,auto,weighted,0.60,adaptive,0.208
167,6,0.8252,0.9315,0.8791,2.9101,19,247,210,45,0.0146,3,Shattsur/nemotron-smeta-4bit-adapter,auto,rrf,0.45,adaptive,0.160
168,7,0.8512,0.9289,0.8768,2.9303,52,197,128,10,0.1256,2,DiTy/cross-encoder-russian-msmarco,auto,weighted,0.59,fixed,0.083
169,7,0.8342,0.9474,0.8762,2.9350,200,255,77,25,0.1256,4,Shattsur/nemotron-smeta-4bit-adapter,auto,weighted,0.66,adaptive,0.065
170,7,0.8436,0.9345,0.8812,2.9343,200,257,14,18,0.1263,2,Shattsur/nemotron-smeta-4bit-adapter,auto,weighted,0.45,fixed,0.215
171,7,0.8445,0.9242,0.8704,2.9110,19,197,128,24,0.2010,3,DiTy/cross-encoder-russian-msmarco,auto,rrf,0.45,adaptive,0.209
172,7,0.8310,0.9214,0.8825,2.9074,258,77,187,39,0.1256,3,Shattsur/nemotron-smeta-4bit-adapter,auto,weighted,0.60,fixed,0.067
173,7,0.8261,0.8867,0.8738,2.8514,367,269,79,18,0.0334,7,Shattsur/nemotron-smeta-4bit-adapter,auto,rrf,0.78,fixed,0.223
174,7,0.8484,0.9258,0.8760,2.9230,184,230,77,22,0.1785,2,DiTy/cross-encoder-russian-msmarco,auto,weighted,0.77,fixed,0.189
175,7,0.8462,0.9349,0.8798,2.9359,343,190,257,18,0.1256,2,Shattsur/nemotron-smeta-4bit-adapter,auto,weighted,0.80,fixed,0.130
176,7,0.8454,0.9329,0.8820,2.9350,438,270,14,18,0.0122,2,Shattsur/nemotron-smeta-4bit-adapter,auto,weighted,0.66,fixed,0.199
177,7,0.8058,0.9321,0.8728,2.8845,88,247,124,46,0.2054,2,Shattsur/nemotron-smeta-4bit-adapter,auto,weighted,0.82,fixed,0.051
178,7,0.7632,0.9047,0.8611,2.7960,69,93,296,35,0.2454,3,Shattsur/nemotron-smeta-4bit-adapter,auto,weighted,0.68,fixed,0.130
179,7,0.8486,0.9294,0.8763,2.9277,320,230,77,14,0.0163,2,DiTy/cross-encoder-russian-msmarco,auto,weighted,0.53,fixed,0.206
180,7,0.8459,0.9362,0.8802,2.9375,69,269,79,24,0.0334,2,Shattsur/nemotron-smeta-4bit-adapter,auto,weighted,0.81,fixed,0.067
181,7,0.7910,0.8886,0.8728,2.8174,352,197,55,32,0.2409,5,Shattsur/nemotron-smeta-4bit-adapter,auto,weighted,0.59,adaptive,0.188
182,7,0.8460,0.9081,0.8633,2.8854,43,64,97,39,0.1785,2,DiTy/cross-encoder-russian-msmarco,auto,weighted,0.81,fixed,0.224
183,7,0.8478,0.9321,0.8663,2.9193,258,270,293,49,0.1887,2,DiTy/cross-encoder-russian-msmarco,auto,rrf,0.60,fixed,0.130
184,7,0.8099,0.9456,0.8768,2.9092,265,16,104,47,0.1247,3,Shattsur/nemotron-smeta-4bit-adapter,auto,weighted,0.31,fixed,0.204
185,7,0.7965,0.9221,0.8723,2.8625,258,293,124,46,0.2049,3,Shattsur/nemotron-smeta-4bit-adapter,auto,rrf,0.82,fixed,0.105
186,7,0.8432,0.9227,0.8596,2.8960,499,134,102,14,0.1424,2,DiTy/cross-encoder-russian-msmarco,auto,rrf,0.74,fixed,0.189
187,7,0.8314,0.9311,0.8764,2.9128,118,267,49,13,0.1332,8,Shattsur/nemotron-smeta-4bit-adapter,auto,rrf,0.45,fixed,0.136
188,7,0.8379,0.9323,0.8556,2.8978,473,145,204,27,0.1332,7,DiTy/cross-encoder-russian-msmarco,auto,weighted,0.60,adaptive,0.130
189,7,0.8454,0.9370,0.8813,2.9392,27,145,204,21,0.0832,2,Shattsur/nemotron-smeta-4bit-adapter,auto,weighted,0.89,fixed,0.067
190,7,0.8340,0.9443,0.8789,2.9339,15,283,129,46,0.0613,3,Shattsur/nemotron-smeta-4bit-adapter,auto,weighted,0.48,adaptive,0.078
191,7,0.8453,0.9300,0.8828,2.9323,485,88,63,18,0.1628,2,Shattsur/nemotron-smeta-4bit-adapter,auto,weighted,0.59,fixed,0.175
192,7,0.8362,0.9179,0.8697,2.8944,74,269,19,24,0.0334,10,DiTy/cross-encoder-russian-msmarco,auto,weighted,0.81,fixed,0.144
193,7,0.8265,0.8938,0.8609,2.8461,346,121,135,18,0.0541,3,Alibaba-NLP/gte-reranker-modernbert-base,auto,weighted,0.35,adaptive,0.143
194,7,0.8362,0.9272,0.8618,2.8968,15,142,187,10,0.0227,5,Shattsur/nemotron-smeta-4bit-adapter,auto,weighted,0.58,adaptive,0.108
195,7,0.8251,0.9449,0.8702,2.9162,129,212,260,41,0.0147,6,Shattsur/nemotron-smeta-4bit-adapter,auto,weighted,0.60,fixed,0.247
196,8,0.8503,0.9184,0.8759,2.9158,27,145,23,21,0.2327,2,DiTy/cross-encoder-russian-msmarco,auto,weighted,0.59,adaptive,0.174
197,8,0.8470,0.9228,0.8663,2.9073,283,269,214,32,0.0074,2,DiTy/cross-encoder-russian-msmarco,auto,weighted,0.31,fixed,0.208
198,8,0.8501,0.9221,0.8671,2.9105,182,121,257,32,0.0131,2,DiTy/cross-encoder-russian-msmarco,auto,rrf,0.55,fixed,0.188
199,8,0.8462,0.9225,0.8664,2.9063,403,270,68,49,0.1887,2,DiTy/cross-encoder-russian-msmarco,auto,weighted,0.23,fixed,0.071
200,8,0.8256,0.8854,0.8707,2.8458,367,269,79,36,0.0334,8,Shattsur/nemotron-smeta-4bit-adapter,auto,weighted,0.67,adaptive,0.067
201,8,0.7938,0.8839,0.8656,2.8067,485,88,263,18,0.1800,9,Shattsur/nemotron-smeta-4bit-adapter,auto,weighted,0.66,fixed,0.199
202,8,0.8379,0.9534,0.8816,2.9518,352,108,55,43,0.0246,2,Shattsur/nemotron-smeta-4bit-adapter,auto,rrf,0.58,fixed,0.109
203,8,0.8509,0.9289,0.8768,2.9300,449,169,63,10,0.1628,2,DiTy/cross-encoder-russian-msmarco,auto,weighted,0.75,fixed,0.140
204,8,0.8343,0.9286,0.8811,2.9178,265,264,296,39,0.0163,3,Shattsur/nemotron-smeta-4bit-adapter,auto,rrf,0.61,adaptive,0.157
205,8,0.8484,0.9258,0.8760,2.9230,268,269,79,24,0.1424,2,DiTy/cross-encoder-russian-msmarco,auto,weighted,0.69,fixed,0.066
206,8,0.7831,0.9139,0.8707,2.8376,39,81,56,45,0.1887,3,Shattsur/nemotron-smeta-4bit-adapter,auto,rrf,0.60,fixed,0.214
207,8,0.8482,0.9433,0.8782,2.9461,15,197,23,10,0.1256,2,Shattsur/nemotron-smeta-4bit-adapter,auto,weighted,0.73,fixed,0.083
208,8,0.8438,0.9195,0.8592,2.8922,184,201,14,21,0.0832,6,DiTy/cross-encoder-russian-msmarco,auto,weighted,0.90,fixed,0.245
209,8,0.8428,0.9411,0.8831,2.9436,200,199,68,34,0.1628,2,Shattsur/nemotron-smeta-4bit-adapter,auto,rrf,0.64,adaptive,0.130
210,8,0.8252,0.9188,0.8701,2.8849,45,18,84,32,0.1256,6,Shattsur/nemotron-smeta-4bit-adapter,auto,rrf,0.59,fixed,0.083
211,8,0.8429,0.9393,0.8828,2.9411,15,88,117,34,0.2470,2,Shattsur/nemotron-smeta-4bit-adapter,auto,weighted,0.56,adaptive,0.138
212,8,0.8460,0.9081,0.8633,2.8854,366,88,204,29,0.0832,2,DiTy/cross-encoder-russian-msmarco,auto,weighted,0.83,adaptive,0.067
213,8,0.8441,0.9379,0.8819,2.9396,113,64,257,32,0.0843,2,Shattsur/nemotron-smeta-4bit-adapter,auto,weighted,0.80,fixed,0.175
214,8,0.8459,0.9362,0.8802,2.9375,320,223,257,24,0.0372,2,Shattsur/nemotron-smeta-4bit-adapter,auto,weighted,0.81,fixed,0.135
215,8,0.8284,0.9304,0.8768,2.9094,361,88,274,24,0.0334,2,Alibaba-NLP/gte-reranker-modernbert-base,auto,weighted,0.49,adaptive,0.175
216,8,0.8247,0.9207,0.8774,2.8947,131,269,14,24,0.0334,9,Shattsur/nemotron-smeta-4bit-adapter,auto,weighted,0.39,adaptive,0.169
217,8,0.8270,0.9331,0.8817,2.9166,283,57,257,49,0.1008,2,Shattsur/nemotron-smeta-4bit-adapter,auto,rrf,0.60,fixed,0.130
218,8,0.8217,0.8952,0.8713,2.8544,52,64,292,20,0.1659,4,Alibaba-NLP/gte-reranker-modernbert-base,auto,weighted,0.46,fixed,0.083
219,8,0.8338,0.9199,0.8666,2.8910,200,88,78,34,0.1628,2,Alibaba-NLP/gte-reranker-modernbert-base,auto,rrf,0.37,fixed,0.216
220,8,0.8387,0.8500,0.8691,2.8147,221,247,82,35,0.2049,8,DiTy/cross-encoder-russian-msmarco,auto,rrf,0.45,adaptive,0.211
221,8,0.8468,0.9346,0.8803,2.9367,297,269,257,18,0.1332,2,Shattsur/nemotron-smeta-4bit-adapter,auto,weighted,0.80,fixed,0.208
222,8,0.8307,0.9401,0.8721,2.9180,258,269,79,21,0.0334,2,Alibaba-NLP/gte-reranker-modernbert-base,auto,weighted,0.46,fixed,0.237
223,8,0.8136,0.9001,0.8743,2.8554,265,270,14,22,0.0122,6,Shattsur/nemotron-smeta-4bit-adapter,auto,weighted,0.13,fixed,0.067
224,9,0.8225,0.8530,0.8700,2.8030,52,53,128,50,0.1256,10,DiTy/cross-encoder-russian-msmarco,auto,weighted,0.10,fixed,0.240
225,9,0.8461,0.9137,0.8648,2.8938,15,197,23,36,0.1256,2,DiTy/cross-encoder-russian-msmarco,auto,rrf,0.66,fixed,0.239
226,9,0.8424,0.9419,0.8842,2.9453,113,64,160,32,0.1248,2,Shattsur/nemotron-smeta-4bit-adapter,auto,rrf,0.80,adaptive,0.067
227,9,0.8482,0.9433,0.8782,2.9461,355,197,23,10,0.0843,2,Shattsur/nemotron-smeta-4bit-adapter,auto,weighted,0.64,fixed,0.175
228,9,0.8384,0.9527,0.8805,2.9501,227,169,63,45,0.0484,2,Shattsur/nemotron-smeta-4bit-adapter,auto,rrf,0.75,adaptive,0.130
229,9,0.8024,0.9288,0.8719,2.8760,258,255,68,48,0.1724,2,Shattsur/nemotron-smeta-4bit-adapter,auto,weighted,0.80,fixed,0.130
230,9,0.8235,0.9399,0.8800,2.9194,290,255,187,24,0.0334,2,Shattsur/nemotron-smeta-4bit-adapter,auto,weighted,0.12,fixed,0.067
231,9,0.8500,0.9102,0.8646,2.8932,467,129,210,37,0.2049,2,DiTy/cross-encoder-russian-msmarco,auto,rrf,0.58,adaptive,0.180
232,9,0.8299,0.9138,0.8777,2.8919,69,269,63,14,0.0334,7,Shattsur/nemotron-smeta-4bit-adapter,auto,weighted,0.59,fixed,0.067
233,9,0.8512,0.9289,0.8768,2.9303,258,255,187,10,0.2444,2,DiTy/cross-encoder-russian-msmarco,auto,weighted,0.66,fixed,0.239
234,9,0.8380,0.9421,0.8828,2.9396,209,145,263,42,0.1439,2,Shattsur/nemotron-smeta-4bit-adapter,auto,rrf,0.69,fixed,0.067
235,9,0.8384,0.9439,0.8755,2.9340,265,64,265,26,0.0843,2,Alibaba-NLP/gte-reranker-modernbert-base,auto,weighted,0.81,fixed,0.135
236,9,0.8458,0.9115,0.8633,2.8892,223,223,257,43,0.0372,2,DiTy/cross-encoder-russian-msmarco,auto,weighted,0.81,fixed,0.129
237,9,0.8361,0.8577,0.8671,2.8191,258,247,187,16,0.2049,8,DiTy/cross-encoder-russian-msmarco,auto,rrf,0.45,fixed,0.130
238,9,0.8376,0.9235,0.8663,2.8986,69,88,31,18,0.1528,8,Shattsur/nemotron-smeta-4bit-adapter,auto,weighted,0.81,fixed,0.175
239,9,0.8086,0.9328,0.8703,2.8853,317,261,49,31,0.1224,2,Shattsur/nemotron-smeta-4bit-adapter,auto,weighted,0.56,adaptive,0.214
240,9,0.8328,0.9000,0.8748,2.8751,320,165,257,24,0.0843,7,Shattsur/nemotron-smeta-4bit-adapter,auto,weighted,0.67,fixed,0.135
241,9,0.7692,0.9164,0.8595,2.8143,479,247,15,16,0.0530,2,Shattsur/nemotron-smeta-4bit-adapter,auto,rrf,0.45,adaptive,0.230
242,9,0.8470,0.9220,0.8749,2.9158,129,88,279,18,0.1628,2,DiTy/cross-encoder-russian-msmarco,auto,weighted,0.59,adaptive,0.101
243,9,0.7985,0.9292,0.8667,2.8669,317,267,49,14,0.0748,4,Shattsur/nemotron-smeta-4bit-adapter,auto,weighted,0.32,adaptive,0.206
244,9,0.7652,0.9051,0.8645,2.8022,406,199,130,14,0.0349,3,Shattsur/nemotron-smeta-4bit-adapter,auto,rrf,0.52,adaptive,0.239
245,9,0.8331,0.9404,0.8740,2.9230,15,199,216,34,0.0312,2,Alibaba-NLP/gte-reranker-modernbert-base,auto,weighted,0.64,fixed,0.130
246,9,0.8350,0.9482,0.8798,2.9407,485,88,150,18,0.2025,2,Alibaba-NLP/gte-reranker-modernbert-base,auto,weighted,0.76,fixed,0.227
247,9,0.8440,0.9606,0.8855,2.9708,297,269,63,18,0.1332,2,Shattsur/nemotron-smeta-4bit-adapter,auto,rrf,0.59,fixed,0.208
248,9,0.8204,0.8882,0.8672,2.8401,297,199,68,44,0.1628,10,Shattsur/nemotron-smeta-4bit-adapter,auto,rrf,0.38,adaptive,0.130
249,9,0.8461,0.9276,0.8644,2.9101,126,199,237,21,0.2065,2,DiTy/cross-encoder-russian-msmarco,auto,rrf,0.60,adaptive,0.130
250,9,0.8332,0.9078,0.8713,2.8809,52,141,180,16,0.1855,9,DiTy/cross-encoder-russian-msmarco,auto,rrf,0.60,fixed,0.055
251,9,0.8503,0.9299,0.8766,2.9304,258,196,186,10,0.1389,2,DiTy/cross-encoder-russian-msmarco,auto,weighted,0.58,fixed,0.083
252,10,0.8352,0.9390,0.8799,2.9298,15,154,23,50,0.1256,3,Shattsur/nemotron-smeta-4bit-adapter,auto,weighted,0.73,fixed,0.083
253,10,0.8046,0.9372,0.8736,2.8902,362,211,207,18,0.1332,2,Shattsur/nemotron-smeta-4bit-adapter,auto,rrf,0.86,adaptive,0.214
254,10,0.8427,0.9223,0.8729,2.9096,343,89,33,18,0.1256,3,DiTy/cross-encoder-russian-msmarco,auto,weighted,0.37,fixed,0.088
255,10,0.8424,0.9419,0.8842,2.9453,168,64,75,32,0.0163,2,Shattsur/nemotron-smeta-4bit-adapter,auto,rrf,0.74,fixed,0.067
256,10,0.8049,0.9280,0.8721,2.8779,124,129,63,32,0.2206,2,Shattsur/nemotron-smeta-4bit-adapter,auto,rrf,0.58,fixed,0.115
257,10,0.8446,0.9257,0.8819,2.9257,258,269,186,24,0.0866,2,Shattsur/nemotron-smeta-4bit-adapter,auto,weighted,0.58,fixed,0.083
258,10,0.8414,0.9530,0.8833,2.9567,352,129,187,39,0.1690,2,Shattsur/nemotron-smeta-4bit-adapter,auto,rrf,0.58,fixed,0.249
259,10,0.8459,0.9362,0.8802,2.9375,283,202,207,18,0.2377,2,Shattsur/nemotron-smeta-4bit-adapter,auto,weighted,0.86,adaptive,0.143
260,10,0.7942,0.8733,0.8588,2.7868,39,269,173,18,0.1628,10,Shattsur/nemotron-smeta-4bit-adapter,auto,weighted,0.81,adaptive,0.175
261,10,0.8376,0.9363,0.8866,2.9364,27,145,79,18,0.0832,2,Shattsur/nemotron-smeta-4bit-adapter,auto,rrf,0.81,fixed,0.140
262,10,0.8472,0.9288,0.8665,2.9149,258,196,230,24,0.1389,2,DiTy/cross-encoder-russian-msmarco,auto,weighted,0.84,fixed,0.083
263,10,0.8436,0.9345,0.8812,2.9343,438,270,187,19,0.1028,2,Shattsur/nemotron-smeta-4bit-adapter,auto,weighted,0.45,fixed,0.199
264,10,0.7648,0.9055,0.8635,2.8013,297,270,63,16,0.2414,3,Shattsur/nemotron-smeta-4bit-adapter,auto,rrf,0.59,fixed,0.218
265,10,0.8404,0.9128,0.8692,2.8920,265,255,191,10,0.0268,8,DiTy/cross-encoder-russian-msmarco,auto,weighted,0.66,fixed,0.192
266,10,0.8312,0.9257,0.8812,2.9113,27,98,257,20,0.1332,5,Shattsur/nemotron-smeta-4bit-adapter,auto,rrf,0.17,fixed,0.237
267,10,0.8425,0.9383,0.8819,2.9385,52,197,63,32,0.0799,2,Shattsur/nemotron-smeta-4bit-adapter,auto,weighted,0.59,adaptive,0.170
268,10,0.7649,0.9062,0.8595,2.7978,258,160,187,47,0.2444,2,Shattsur/nemotron-smeta-4bit-adapter,auto,weighted,0.81,fixed,0.239
269,10,0.8366,0.9344,0.8719,2.9170,254,270,102,10,0.2481,2,Alibaba-NLP/gte-reranker-modernbert-base,auto,weighted,0.40,adaptive,0.226
270,10,0.8017,0.9166,0.8651,2.8532,317,247,262,18,0.2049,9,Shattsur/nemotron-smeta-4bit-adapter,auto,rrf,0.45,fixed,0.130
271,10,0.8465,0.9454,0.8796,2.9486,49,169,127,10,0.1332,2,Shattsur/nemotron-smeta-4bit-adapter,auto,weighted,0.59,adaptive,0.140
272,10,0.8008,0.9344,0.8766,2.8863,324,121,207,18,0.0843,2,Shattsur/nemotron-smeta-4bit-adapter,auto,rrf,0.49,adaptive,0.175
273,10,0.8446,0.9542,0.8817,2.9596,307,269,79,41,0.0478,2,Shattsur/nemotron-smeta-4bit-adapter,auto,weighted,0.81,fixed,0.079
274,10,0.8476,0.9238,0.8719,2.9152,449,223,116,24,0.0217,2,DiTy/cross-encoder-russian-msmarco,auto,weighted,0.12,fixed,0.077
275,10,0.8430,0.9604,0.8837,2.9676,482,247,169,10,0.1332,2,Shattsur/nemotron-smeta-4bit-adapter,auto,rrf,0.87,fixed,0.083
276,10,0.8230,0.9184,0.8765,2.8892,222,64,100,30,0.1332,5,Shattsur/nemotron-smeta-4bit-adapter,auto,weighted,0.45,fixed,0.071
277,10,0.8446,0.9371,0.8808,2.9379,69,169,79,24,0.0334,2,Shattsur/nemotron-smeta-4bit-adapter,auto,weighted,0.75,fixed,0.140
278,10,0.8497,0.9271,0.8615,2.9098,329,270,54,12,0.1963,2,DiTy/cross-encoder-russian-msmarco,auto,rrf,0.68,fixed,0.067
279,10,0.8438,0.9601,0.8866,2.9712,485,129,212,18,0.2460,2,Shattsur/nemotron-smeta-4bit-adapter,auto,rrf,0.18,adaptive,0.109
280,11,0.8466,0.9463,0.8794,2.9495,320,64,211,32,0.0372,2,Shattsur/nemotron-smeta-4bit-adapter,auto,weighted,0.90,adaptive,0.067
281,11,0.8430,0.9596,0.8680,2.9494,15,169,246,10,0.1332,7,Shattsur/nemotron-smeta-4bit-adapter,auto,weighted,0.73,adaptive,0.155
282,11,0.8383,0.9251,0.8788,2.9151,219,48,268,28,0.0843,3,Shattsur/nemotron-smeta-4bit-adapter,auto,weighted,0.80,fixed,0.175
283,11,0.8462,0.9225,0.8664,2.9063,416,269,223,41,0.1332,2,DiTy/cross-encoder-russian-msmarco,auto,weighted,0.21,fixed,0.157
284,11,0.8440,0.9597,0.8836,2.9676,482,247,72,10,0.0334,2,Shattsur/nemotron-smeta-4bit-adapter,auto,rrf,0.29,fixed,0.245
285,11,0.8097,0.9285,0.8701,2.8810,317,64,211,18,0.1332,2,Shattsur/nemotron-smeta-4bit-adapter,auto,weighted,0.74,adaptive,0.214
286,11,0.8446,0.9542,0.8817,2.9596,307,269,63,49,0.1245,2,Shattsur/nemotron-smeta-4bit-adapter,auto,weighted,0.75,adaptive,0.079
287,11,0.8441,0.9379,0.8819,2.9396,265,38,257,32,0.0843,2,Shattsur/nemotron-smeta-4bit-adapter,auto,weighted,0.81,fixed,0.135
288,11,0.8440,0.9606,0.8855,2.9708,258,247,207,16,0.2377,2,Shattsur/nemotron-smeta-4bit-adapter,auto,rrf,0.45,adaptive,0.143
289,11,0.8340,0.9179,0.8664,2.8886,27,104,79,18,0.0832,8,Shattsur/nemotron-smeta-4bit-adapter,auto,weighted,0.81,fixed,0.140
290,11,0.8453,0.9340,0.8817,2.9359,27,145,79,14,0.0163,2,Shattsur/nemotron-smeta-4bit-adapter,auto,weighted,0.45,fixed,0.188
291,11,0.8344,0.9365,0.8729,2.9184,69,64,137,32,0.0674,2,Alibaba-NLP/gte-reranker-modernbert-base,auto,weighted,0.81,fixed,0.067
292,11,0.8418,0.9547,0.8829,2.9587,317,267,201,46,0.1332,2,Shattsur/nemotron-smeta-4bit-adapter,auto,rrf,0.89,fixed,0.214
293,11,0.8423,0.9532,0.8830,2.9575,113,64,195,35,0.0334,2,Shattsur/nemotron-smeta-4bit-adapter,auto,rrf,0.81,adaptive,0.067
294,11,0.8492,0.9245,0.8662,2.9114,320,247,187,32,0.1857,2,DiTy/cross-encoder-russian-msmarco,auto,weighted,0.16,adaptive,0.064
295,11,0.7974,0.9127,0.8665,2.8459,15,270,288,14,0.1857,3,Shattsur/nemotron-smeta-4bit-adapter,auto,rrf,0.37,fixed,0.109
296,11,0.8338,0.9155,0.8811,2.9017,181,235,257,37,0.0843,3,Shattsur/nemotron-smeta-4bit-adapter,auto,rrf,0.80,fixed,0.175
297,11,0.8440,0.9606,0.8855,2.9708,334,230,212,18,0.0163,2,Shattsur/nemotron-smeta-4bit-adapter,auto,rrf,0.45,adaptive,0.130
298,11,0.8470,0.9228,0.8663,2.9073,297,269,16,18,0.1332,2,DiTy/cross-encoder-russian-msmarco,auto,rrf,0.59,fixed,0.126
299,11,0.8417,0.9415,0.8819,2.9416,265,69,45,39,0.0843,2,Shattsur/nemotron-smeta-4bit-adapter,auto,weighted,0.62,adaptive,0.135
300,11,0.8478,0.9265,0.8668,2.9131,258,255,186,31,0.1256,2,DiTy/cross-encoder-russian-msmarco,auto,weighted,0.58,fixed,0.083
301,11,0.7668,0.8864,0.8537,2.7695,153,247,169,21,0.2451,7,Shattsur/nemotron-smeta-4bit-adapter,auto,weighted,0.89,fixed,0.083
302,11,0.8278,0.8944,0.8689,2.8569,355,230,179,14,0.0843,8,Shattsur/nemotron-smeta-4bit-adapter,auto,weighted,0.45,fixed,0.175
303,11,0.8387,0.9333,0.8673,2.9127,52,197,128,10,0.1424,9,DiTy/cross-encoder-russian-msmarco,auto,weighted,0.63,fixed,0.083
304,11,0.8433,0.9267,0.8707,2.9131,72,255,187,18,0.0879,2,DiTy/cross-encoder-russian-msmarco,auto,rrf,0.40,fixed,0.208
305,11,0.8470,0.9220,0.8749,2.9158,343,190,135,18,0.1127,2,DiTy/cross-encoder-russian-msmarco,auto,weighted,0.59,fixed,0.130
306,11,0.8270,0.9331,0.8817,2.9166,69,67,49,46,0.1424,2,Shattsur/nemotron-smeta-4bit-adapter,auto,rrf,0.75,fixed,0.214
307,11,0.8325,0.9311,0.8727,2.9098,485,260,256,47,0.0668,2,Alibaba-NLP/gte-reranker-modernbert-base,auto,weighted,0.80,fixed,0.175
308,12,0.8324,0.9202,0.8806,2.9052,258,247,187,16,0.2049,6,Shattsur/nemotron-smeta-4bit-adapter,auto,rrf,0.45,adaptive,0.130
309,12,0.8440,0.9606,0.8855,2.9708,482,269,72,16,0.0373,2,Shattsur/nemotron-smeta-4bit-adapter,auto,rrf,0.68,fixed,0.208
310,12,0.8435,0.9603,0.8856,2.9701,411,72,72,14,0.1289,2,Shattsur/nemotron-smeta-4bit-adapter,auto,rrf,0.29,fixed,0.245
311,12,0.8380,0.9454,0.8766,2.9367,265,181,257,30,0.0843,2,Alibaba-NLP/gte-reranker-modernbert-base,auto,weighted,0.81,fixed,0.140
312,12,0.8495,0.9200,0.8646,2.9046,265,269,257,18,0.2190,2,DiTy/cross-encoder-russian-msmarco,auto,weighted,0.30,fixed,0.195
313,12,0.8432,0.9340,0.8811,2.9332,258,298,38,10,0.1034,2,Shattsur/nemotron-smeta-4bit-adapter,auto,rrf,0.66,adaptive,0.109
314,12,0.8483,0.9390,0.8778,2.9406,394,171,257,10,0.1424,2,Shattsur/nemotron-smeta-4bit-adapter,auto,weighted,0.80,adaptive,0.067
315,12,0.8422,0.9377,0.8800,2.9354,485,197,23,10,0.2460,2,Shattsur/nemotron-smeta-4bit-adapter,auto,weighted,0.39,adaptive,0.115
316,12,0.8374,0.9386,0.8712,2.9220,343,190,257,18,0.1332,2,Shattsur/nemotron-smeta-4bit-adapter,auto,weighted,0.22,fixed,0.111
317,12,0.8374,0.9149,0.8614,2.8829,440,299,117,10,0.1256,6,DiTy/cross-encoder-russian-msmarco,auto,weighted,0.43,fixed,0.239
318,12,0.8453,0.9340,0.8817,2.9359,27,145,79,14,0.0163,2,Shattsur/nemotron-smeta-4bit-adapter,auto,weighted,0.45,fixed,0.188
319,12,0.8357,0.9183,0.8727,2.8976,485,190,212,10,0.0921,9,DiTy/cross-encoder-russian-msmarco,auto,rrf,0.18,adaptive,0.109
320,12,0.8434,0.9385,0.8817,2.9394,184,230,14,36,0.0163,2,Shattsur/nemotron-smeta-4bit-adapter,auto,weighted,0.66,fixed,0.162
321,12,0.8360,0.9069,0.8777,2.8897,258,185,206,32,0.0843,9,DiTy/cross-encoder-russian-msmarco,auto,weighted,0.50,adaptive,0.065
322,12,0.8509,0.9289,0.8768,2.9300,38,169,257,10,0.0869,2,DiTy/cross-encoder-russian-msmarco,auto,weighted,0.73,fixed,0.130
323,12,0.8121,0.8904,0.8708,2.8384,449,215,63,10,0.0334,9,Shattsur/nemotron-smeta-4bit-adapter,auto,weighted,0.22,fixed,0.116
324,12,0.8057,0.9298,0.8724,2.8811,265,136,257,32,0.0267,2,Shattsur/nemotron-smeta-4bit-adapter,auto,weighted,0.86,adaptive,0.197
325,12,0.8542,0.9391,0.8797,2.9488,500,169,281,10,0.1624,2,DiTy/cross-encoder-russian-msmarco,auto,weighted,0.44,fixed,0.239
326,12,0.8460,0.9195,0.8696,2.9058,265,195,257,32,0.1975,3,DiTy/cross-encoder-russian-msmarco,auto,weighted,0.81,fixed,0.130
327,12,0.7714,0.9178,0.8559,2.8143,258,230,212,10,0.0502,2,Shattsur/nemotron-smeta-4bit-adapter,auto,weighted,0.66,adaptive,0.239
328,12,0.7687,0.9065,0.8589,2.8013,144,160,204,22,0.2355,2,Shattsur/nemotron-smeta-4bit-adapter,auto,weighted,0.89,fixed,0.225
329,12,0.8297,0.9170,0.8706,2.8877,423,64,64,32,0.0843,9,Shattsur/nemotron-smeta-4bit-adapter,auto,weighted,0.81,adaptive,0.077
330,12,0.8441,0.9379,0.8819,2.9396,49,38,221,32,0.1332,2,Shattsur/nemotron-smeta-4bit-adapter,auto,weighted,0.68,fixed,0.208
331,12,0.8283,0.9130,0.8687,2.8795,449,169,14,41,0.1628,3,Alibaba-NLP/gte-reranker-modernbert-base,auto,weighted,0.75,adaptive,0.064
332,12,0.8474,0.9270,0.8643,2.9105,297,26,63,14,0.1332,2,DiTy/cross-encoder-russian-msmarco,auto,rrf,0.30,fixed,0.231
333,12,0.8478,0.9265,0.8668,2.9131,334,230,257,32,0.0661,2,DiTy/cross-encoder-russian-msmarco,auto,weighted,0.49,fixed,0.130
334,12,0.8460,0.9449,0.8793,2.9472,184,19,28,10,0.1389,2,Shattsur/nemotron-smeta-4bit-adapter,auto,weighted,0.58,fixed,0.132
335,12,0.8208,0.9272,0.8799,2.9014,180,64,72,46,0.0103,2,Shattsur/nemotron-smeta-4bit-adapter,auto,weighted,0.29,fixed,0.175
336,13,0.8468,0.9346,0.8803,2.9367,283,173,282,16,0.2377,2,Shattsur/nemotron-smeta-4bit-adapter,auto,weighted,0.86,adaptive,0.102
337,13,0.8456,0.9528,0.8814,2.9585,69,270,296,39,0.0372,2,Shattsur/nemotron-smeta-4bit-adapter,auto,weighted,0.89,adaptive,0.101
338,13,0.8505,0.9334,0.8784,2.9368,331,145,257,14,0.0535,2,DiTy/cross-encoder-russian-msmarco,auto,weighted,0.73,fixed,0.163
339,13,0.8383,0.9151,0.8615,2.8841,307,169,257,29,0.2431,7,DiTy/cross-encoder-russian-msmarco,auto,weighted,0.38,fixed,0.079
340,13,0.8426,0.9036,0.8779,2.8925,27,269,257,14,0.0330,3,Shattsur/nemotron-smeta-4bit-adapter,auto,weighted,0.80,fixed,0.208
341,13,0.8426,0.9306,0.8818,2.9292,27,145,204,14,0.0163,2,Shattsur/nemotron-smeta-4bit-adapter,auto,rrf,0.45,fixed,0.067
342,13,0.8005,0.9270,0.8721,2.8722,184,162,43,45,0.1821,2,Shattsur/nemotron-smeta-4bit-adapter,auto,rrf,0.45,fixed,0.066
343,13,0.8436,0.9583,0.8854,2.9675,235,151,79,24,0.0456,2,Shattsur/nemotron-smeta-4bit-adapter,auto,rrf,0.81,fixed,0.067
344,13,0.8318,0.9106,0.8735,2.8854,113,169,127,32,0.1059,7,Shattsur/nemotron-smeta-4bit-adapter,auto,weighted,0.80,fixed,0.159
345,13,0.8441,0.9606,0.8834,2.9684,334,230,72,12,0.1306,2,Shattsur/nemotron-smeta-4bit-adapter,auto,rrf,0.45,adaptive,0.130
346,13,0.8359,0.9409,0.8785,2.9314,485,129,68,14,0.0163,4,Shattsur/nemotron-smeta-4bit-adapter,auto,weighted,0.45,adaptive,0.109
347,13,0.8459,0.9214,0.8685,2.9069,184,129,28,41,0.1322,3,DiTy/cross-encoder-russian-msmarco,auto,weighted,0.58,fixed,0.247
348,13,0.8426,0.9371,0.8783,2.9333,27,234,79,11,0.0210,2,Shattsur/nemotron-smeta-4bit-adapter,auto,weighted,0.45,fixed,0.188
349,13,0.8446,0.9542,0.8817,2.9596,61,230,201,43,0.0163,2,Shattsur/nemotron-smeta-4bit-adapter,auto,weighted,0.80,fixed,0.130
350,13,0.7639,0.9057,0.8637,2.8008,196,270,235,18,0.2413,3,Shattsur/nemotron-smeta-4bit-adapter,auto,rrf,0.68,fixed,0.109
351,13,0.8483,0.9390,0.8778,2.9406,49,269,79,10,0.0478,2,Shattsur/nemotron-smeta-4bit-adapter,auto,weighted,0.81,fixed,0.209
352,13,0.8369,0.9007,0.8736,2.8787,500,169,178,36,0.1624,9,DiTy/cross-encoder-russian-msmarco,auto,weighted,0.73,fixed,0.130
353,13,0.8446,0.9485,0.8800,2.9509,49,212,23,42,0.1332,2,Shattsur/nemotron-smeta-4bit-adapter,auto,weighted,0.73,fixed,0.231
354,13,0.8435,0.9602,0.8852,2.9694,334,90,207,18,0.0163,2,Shattsur/nemotron-smeta-4bit-adapter,auto,rrf,0.45,adaptive,0.130
355,13,0.8475,0.9222,0.8756,2.9172,307,269,200,16,0.0478,2,DiTy/cross-encoder-russian-msmarco,auto,weighted,0.50,fixed,0.079
356,13,0.7687,0.9172,0.8610,2.8164,484,131,23,18,0.2461,2,Shattsur/nemotron-smeta-4bit-adapter,auto,rrf,0.45,fixed,0.083
357,13,0.8435,0.9332,0.8832,2.9349,69,269,58,24,0.0334,2,Shattsur/nemotron-smeta-4bit-adapter,auto,weighted,0.52,fixed,0.067
358,13,0.8364,0.9259,0.8708,2.9054,363,72,72,41,0.2231,2,Alibaba-NLP/gte-reranker-modernbert-base,auto,rrf,0.29,fixed,0.144
359,13,0.8117,0.9424,0.8673,2.8966,27,72,72,14,0.2063,2,Shattsur/nemotron-smeta-4bit-adapter,auto,weighted,0.45,fixed,0.245
360,13,0.8335,0.9227,0.8701,2.8979,235,114,153,10,0.2079,2,Alibaba-NLP/gte-reranker-modernbert-base,auto,rrf,0.29,fixed,0.067
361,13,0.8356,0.9401,0.8765,2.9280,49,169,127,15,0.1332,2,Alibaba-NLP/gte-reranker-modernbert-base,auto,rrf,0.59,adaptive,0.140
362,13,0.8461,0.9461,0.8771,2.9462,307,112,63,10,0.1245,2,Shattsur/nemotron-smeta-4bit-adapter,auto,weighted,0.58,fixed,0.132
363,13,0.8439,0.9609,0.8847,2.9701,69,254,72,24,0.1205,2,Shattsur/nemotron-smeta-4bit-adapter,auto,rrf,0.88,fixed,0.177
364,14,0.7648,0.9055,0.8635,2.8013,482,173,72,16,0.2377,3,Shattsur/nemotron-smeta-4bit-adapter,auto,rrf,0.64,fixed,0.245
365,14,0.8441,0.9379,0.8819,2.9396,113,104,209,32,0.1245,2,Shattsur/nemotron-smeta-4bit-adapter,auto,weighted,0.75,adaptive,0.079
366,14,0.8406,0.9086,0.8642,2.8815,343,230,259,19,0.2101,4,DiTy/cross-encoder-russian-msmarco,auto,rrf,0.62,adaptive,0.130
367,14,0.7691,0.9113,0.8589,2.8074,265,247,283,16,0.2377,2,Shattsur/nemotron-smeta-4bit-adapter,auto,weighted,0.81,fixed,0.135
368,14,0.7560,0.9025,0.8513,2.7754,411,72,72,45,0.1289,8,Shattsur/nemotron-smeta-4bit-adapter,auto,rrf,0.29,adaptive,0.245
369,14,0.8311,0.9196,0.8762,2.8986,27,64,205,32,0.0843,7,Shattsur/nemotron-smeta-4bit-adapter,auto,weighted,0.80,fixed,0.175
370,14,0.8413,0.9497,0.8813,2.9504,64,173,282,28,0.1178,2,Shattsur/nemotron-smeta-4bit-adapter,auto,weighted,0.40,fixed,0.245
371,14,0.8005,0.9270,0.8721,2.8722,64,230,211,32,0.0372,2,Shattsur/nemotron-smeta-4bit-adapter,auto,rrf,0.90,adaptive,0.198
372,14,0.8126,0.9430,0.8647,2.8952,334,277,72,12,0.1306,2,Shattsur/nemotron-smeta-4bit-adapter,auto,weighted,0.45,adaptive,0.201
373,14,0.8219,0.9173,0.8697,2.8792,405,230,212,32,0.0094,10,Shattsur/nemotron-smeta-4bit-adapter,auto,rrf,0.76,fixed,0.106
374,14,0.8253,0.9579,0.8799,2.9427,482,247,79,45,0.0478,2,Shattsur/nemotron-smeta-4bit-adapter,auto,weighted,0.29,fixed,0.079
375,14,0.8321,0.9286,0.8780,2.9123,258,255,212,10,0.1256,2,Shattsur/nemotron-smeta-4bit-adapter,auto,weighted,0.18,fixed,0.052
376,14,0.8447,0.9283,0.8684,2.9138,411,146,72,14,0.1289,2,DiTy/cross-encoder-russian-msmarco,auto,rrf,0.29,adaptive,0.060
377,14,0.8317,0.9121,0.8719,2.8853,453,258,204,18,0.1503,10,Shattsur/nemotron-smeta-4bit-adapter,auto,rrf,0.86,fixed,0.143
378,14,0.8436,0.9373,0.8851,2.9419,69,79,257,24,0.1332,2,Shattsur/nemotron-smeta-4bit-adapter,auto,rrf,0.57,fixed,0.249
379,14,0.8023,0.9223,0.8718,2.8680,27,259,79,31,0.0206,9,Shattsur/nemotron-smeta-4bit-adapter,auto,weighted,0.18,fixed,0.079
380,14,0.8177,0.9224,0.8686,2.8801,61,274,204,43,0.0163,9,Shattsur/nemotron-smeta-4bit-adapter,auto,rrf,0.80,fixed,0.188
381,14,0.7703,0.9121,0.8514,2.8013,27,145,102,10,0.0163,5,Shattsur/nemotron-smeta-4bit-adapter,auto,rrf,0.59,adaptive,0.229
382,14,0.8457,0.9357,0.8809,2.9376,27,145,139,18,0.0163,2,Shattsur/nemotron-smeta-4bit-adapter,auto,weighted,0.80,fixed,0.188
383,14,0.8428,0.9411,0.8831,2.9436,411,186,72,35,0.1500,2,Shattsur/nemotron-smeta-4bit-adapter,auto,rrf,0.41,fixed,0.148
384,14,0.8453,0.9323,0.8809,2.9330,330,269,286,14,0.1289,2,Shattsur/nemotron-smeta-4bit-adapter,auto,weighted,0.51,fixed,0.067
385,14,0.8500,0.9503,0.8747,2.9525,334,194,257,12,0.0224,4,DiTy/cross-encoder-russian-msmarco,auto,weighted,0.45,adaptive,0.244
386,14,0.8509,0.9189,0.8653,2.9054,297,169,106,18,0.1231,2,DiTy/cross-encoder-russian-msmarco,auto,weighted,0.10,adaptive,0.208
387,14,0.7684,0.9094,0.8538,2.7989,334,12,73,11,0.0315,5,Shattsur/nemotron-smeta-4bit-adapter,auto,weighted,0.66,adaptive,0.239
388,14,0.8331,0.9294,0.8743,2.9101,334,230,212,18,0.0163,2,Alibaba-NLP/gte-reranker-modernbert-base,auto,rrf,0.45,adaptive,0.102
389,14,0.8441,0.9379,0.8819,2.9396,259,64,211,32,0.0163,2,Shattsur/nemotron-smeta-4bit-adapter,auto,weighted,0.80,adaptive,0.130
390,14,0.8506,0.9275,0.8744,2.9254,334,153,72,12,0.1306,2,DiTy/cross-encoder-russian-msmarco,auto,weighted,0.45,adaptive,0.134
391,14,0.8442,0.9493,0.8812,2.9526,49,129,274,43,0.0163,2,Shattsur/nemotron-smeta-4bit-adapter,auto,weighted,0.76,adaptive,0.130
392,15,0.8000,0.9191,0.8645,2.8540,485,10,195,18,0.2460,2,Shattsur/nemotron-smeta-4bit-adapter,auto,rrf,0.15,adaptive,0.171
393,15,0.8538,0.9465,0.8771,2.9545,347,169,296,14,0.0372,2,DiTy/cross-encoder-russian-msmarco,auto,weighted,0.89,fixed,0.239
394,15,0.8424,0.9377,0.8795,2.9351,61,72,131,14,0.0163,2,Shattsur/nemotron-smeta-4bit-adapter,auto,weighted,0.38,fixed,0.245
395,15,0.7897,0.9125,0.8678,2.8392,15,197,284,37,0.1713,5,Shattsur/nemotron-smeta-4bit-adapter,auto,rrf,0.73,fixed,0.169
396,15,0.8501,0.9368,0.8695,2.9307,69,254,72,10,0.0334,2,DiTy/cross-encoder-russian-msmarco,auto,rrf,0.29,fixed,0.074
397,15,0.8255,0.9303,0.8703,2.8992,320,269,272,49,0.0213,6,Shattsur/nemotron-smeta-4bit-adapter,auto,weighted,0.75,fixed,0.067
398,15,0.8435,0.9602,0.8852,2.9694,217,95,257,18,0.1241,2,Shattsur/nemotron-smeta-4bit-adapter,auto,rrf,0.20,fixed,0.208
399,15,0.8047,0.9075,0.8611,2.8409,284,109,282,16,0.0373,8,Shattsur/nemotron-smeta-4bit-adapter,auto,weighted,0.68,adaptive,0.208
400,15,0.8254,0.9332,0.8714,2.9037,485,129,212,36,0.2460,9,Shattsur/nemotron-smeta-4bit-adapter,auto,rrf,0.64,adaptive,0.109
401,15,0.8486,0.9352,0.8722,2.9302,145,99,239,12,0.0224,4,DiTy/cross-encoder-russian-msmarco,auto,weighted,0.45,adaptive,0.188
402,15,0.8432,0.9550,0.8829,2.9604,49,249,282,45,0.2377,2,Shattsur/nemotron-smeta-4bit-adapter,auto,weighted,0.83,adaptive,0.140
403,15,0.8427,0.9377,0.8824,2.9386,334,230,296,27,0.1306,2,Shattsur/nemotron-smeta-4bit-adapter,auto,weighted,0.45,adaptive,0.130
404,15,0.7894,0.9295,0.8702,2.8621,184,230,139,38,0.1737,2,Shattsur/nemotron-smeta-4bit-adapter,auto,weighted,0.40,fixed,0.188
405,15,0.8482,0.9433,0.8782,2.9461,15,197,58,10,0.1245,2,Shattsur/nemotron-smeta-4bit-adapter,auto,weighted,0.75,adaptive,0.083
406,15,0.8353,0.9375,0.8809,2.9292,27,269,135,49,0.0163,3,Shattsur/nemotron-smeta-4bit-adapter,auto,weighted,0.75,fixed,0.079
407,15,0.8266,0.8740,0.8782,2.8414,85,230,212,18,0.0112,7,Shattsur/nemotron-smeta-4bit-adapter,auto,rrf,0.86,fixed,0.185
408,15,0.8422,0.9377,0.8800,2.9354,49,230,186,10,0.1332,2,Shattsur/nemotron-smeta-4bit-adapter,auto,weighted,0.45,adaptive,0.140
409,15,0.8451,0.9535,0.8825,2.9602,343,116,257,39,0.0372,2,Shattsur/nemotron-smeta-4bit-adapter,auto,weighted,0.89,adaptive,0.130
410,15,0.8324,0.9216,0.8732,2.8988,27,142,79,38,0.0163,3,Alibaba-NLP/gte-reranker-modernbert-base,auto,weighted,0.87,fixed,0.127
411,15,0.8123,0.9428,0.8718,2.9027,29,19,122,16,0.1245,2,Shattsur/nemotron-smeta-4bit-adapter,auto,rrf,0.86,adaptive,0.201
412,15,0.8322,0.9530,0.8818,2.9458,235,269,79,49,0.1245,2,Shattsur/nemotron-smeta-4bit-adapter,auto,weighted,0.45,fixed,0.079
413,15,0.8264,0.8681,0.8659,2.8206,482,94,257,18,0.0334,10,DiTy/cross-encoder-russian-msmarco,auto,rrf,0.80,fixed,0.245
414,15,0.8441,0.9327,0.8687,2.9189,15,197,250,18,0.1256,2,Shattsur/nemotron-smeta-4bit-adapter,auto,rrf,0.80,fixed,0.242
415,15,0.8468,0.9346,0.8803,2.9367,201,173,282,16,0.0163,2,Shattsur/nemotron-smeta-4bit-adapter,auto,weighted,0.86,fixed,0.127
416,15,0.8424,0.9419,0.8842,2.9453,482,109,79,32,0.0334,2,Shattsur/nemotron-smeta-4bit-adapter,auto,rrf,0.81,adaptive,0.140
417,15,0.8257,0.9304,0.8692,2.8984,69,230,79,32,0.1306,8,Shattsur/nemotron-smeta-4bit-adapter,auto,rrf,0.81,fixed,0.110
418,15,0.8336,0.9449,0.8687,2.9231,482,173,72,16,0.0685,2,Alibaba-NLP/gte-reranker-modernbert-base,auto,weighted,0.55,adaptive,0.245
419,15,0.8423,0.9380,0.8773,2.9330,27,111,79,14,0.1472,2,Shattsur/nemotron-smeta-4bit-adapter,auto,weighted,0.21,fixed,0.139
420,16,0.8446,0.9371,0.8808,2.9379,317,152,257,32,0.0163,2,Shattsur/nemotron-smeta-4bit-adapter,auto,weighted,0.80,fixed,0.175
421,16,0.8470,0.9228,0.8663,2.9073,316,194,212,33,0.1571,2,DiTy/cross-encoder-russian-msmarco,auto,weighted,0.28,adaptive,0.243
422,16,0.8358,0.8837,0.8714,2.8547,456,220,165,45,0.0370,9,DiTy/cross-encoder-russian-msmarco,auto,weighted,0.45,adaptive,0.225
423,16,0.8454,0.9333,0.8828,2.9365,184,284,53,14,0.0163,2,Shattsur/nemotron-smeta-4bit-adapter,auto,weighted,0.45,fixed,0.143
424,16,0.7643,0.9023,0.8605,2.7936,491,150,212,45,0.2460,2,Shattsur/nemotron-smeta-4bit-adapter,auto,rrf,0.80,fixed,0.130
425,16,0.8302,0.9236,0.8720,2.8977,69,247,181,25,0.0334,2,Alibaba-NLP/gte-reranker-modernbert-base,auto,weighted,0.29,fixed,0.067
426,16,0.8347,0.9145,0.8726,2.8920,334,230,212,25,0.1256,6,Shattsur/nemotron-smeta-4bit-adapter,auto,weighted,0.80,adaptive,0.148
427,16,0.7715,0.9172,0.8574,2.8153,69,169,72,10,0.1205,2,Shattsur/nemotron-smeta-4bit-adapter,auto,weighted,0.59,adaptive,0.246
428,16,0.8355,0.8957,0.8677,2.8649,334,128,139,43,0.0163,8,DiTy/cross-encoder-russian-msmarco,auto,weighted,0.45,adaptive,0.229
429,16,0.8291,0.8926,0.8713,2.8586,61,230,14,14,0.0203,9,Alibaba-NLP/gte-reranker-modernbert-base,auto,weighted,0.80,fixed,0.235
430,16,0.8522,0.9351,0.8776,2.9397,49,15,148,10,0.1332,2,DiTy/cross-encoder-russian-msmarco,auto,weighted,0.34,fixed,0.122
431,16,0.8503,0.9184,0.8759,2.9158,404,91,23,18,0.2396,2,DiTy/cross-encoder-russian-msmarco,auto,weighted,0.73,fixed,0.083
432,16,0.8459,0.9059,0.8626,2.8819,416,121,95,41,0.0085,2,DiTy/cross-encoder-russian-msmarco,auto,weighted,0.72,adaptive,0.143
433,16,0.8538,0.9465,0.8771,2.9545,347,169,201,14,0.0163,2,DiTy/cross-encoder-russian-msmarco,auto,weighted,0.89,fixed,0.130
434,16,0.8457,0.9357,0.8809,2.9376,48,145,128,18,0.1047,2,Shattsur/nemotron-smeta-4bit-adapter,auto,weighted,0.80,fixed,0.063
435,16,0.8229,0.8557,0.8724,2.8094,343,116,257,16,0.2377,5,Shattsur/nemotron-smeta-4bit-adapter,auto,weighted,0.19,adaptive,0.130
436,16,0.7927,0.9301,0.8730,2.8691,27,245,79,48,0.0832,2,Shattsur/nemotron-smeta-4bit-adapter,auto,rrf,0.74,adaptive,0.191
437,16,0.8312,0.9195,0.8675,2.8889,334,24,31,12,0.0224,5,Shattsur/nemotron-smeta-4bit-adapter,auto,weighted,0.45,adaptive,0.067
438,16,0.8254,0.8731,0.8736,2.8341,482,243,257,39,0.0334,10,DiTy/cross-encoder-russian-msmarco,auto,weighted,0.29,fixed,0.178
439,16,0.8163,0.9262,0.8652,2.8795,490,145,79,34,0.0163,5,Alibaba-NLP/gte-reranker-modernbert-base,auto,weighted,0.57,fixed,0.130
440,16,0.8407,0.9201,0.8773,2.9097,316,30,212,18,0.1722,4,DiTy/cross-encoder-russian-msmarco,auto,weighted,0.18,adaptive,0.109
441,16,0.8418,0.9547,0.8829,2.9587,283,243,282,43,0.1404,2,Shattsur/nemotron-smeta-4bit-adapter,auto,rrf,0.80,fixed,0.205
442,16,0.8289,0.9188,0.8754,2.8944,143,116,154,21,0.0372,3,Alibaba-NLP/gte-reranker-modernbert-base,auto,rrf,0.86,fixed,0.105
443,16,0.8264,0.9001,0.8685,2.8619,61,230,79,14,0.0163,8,Shattsur/nemotron-smeta-4bit-adapter,auto,weighted,0.45,fixed,0.051
444,16,0.7573,0.8716,0.8577,2.7466,131,145,207,40,0.2377,4,Shattsur/nemotron-smeta-4bit-adapter,auto,rrf,0.18,fixed,0.188
445,16,0.8366,0.9217,0.8718,2.9016,186,129,212,18,0.0372,4,DiTy/cross-encoder-russian-msmarco,auto,rrf,0.77,fixed,0.109
446,16,0.8065,0.9315,0.8730,2.8847,69,101,296,39,0.1983,2,Shattsur/nemotron-smeta-4bit-adapter,auto,weighted,0.83,fixed,0.130
447,16,0.8430,0.9377,0.8827,2.9392,307,269,79,25,0.1624,2,Shattsur/nemotron-smeta-4bit-adapter,auto,weighted,0.44,fixed,0.079
448,17,0.8428,0.9363,0.8790,2.9333,411,173,282,16,0.1289,2,Shattsur/nemotron-smeta-4bit-adapter,auto,weighted,0.29,fixed,0.177
449,17,0.8005,0.9236,0.8655,2.8610,411,116,257,14,0.1774,2,Shattsur/nemotron-smeta-4bit-adapter,auto,weighted,0.29,fixed,0.245
450,17,0.8169,0.9066,0.8661,2.8575,337,169,127,49,0.1915,10,Shattsur/nemotron-smeta-4bit-adapter,auto,weighted,0.59,adaptive,0.140
451,17,0.8326,0.9313,0.8722,2.9096,354,230,96,14,0.1306,9,Shattsur/nemotron-smeta-4bit-adapter,auto,rrf,0.89,adaptive,0.130
452,17,0.8097,0.9310,0.8701,2.8839,320,64,257,18,0.1628,2,Shattsur/nemotron-smeta-4bit-adapter,auto,weighted,0.80,adaptive,0.208
453,17,0.8480,0.9420,0.8812,2.9477,479,230,155,14,0.1110,2,Shattsur/nemotron-smeta-4bit-adapter,auto,weighted,0.71,fixed,0.130
454,17,0.8416,0.9220,0.8736,2.9090,69,169,131,14,0.0372,9,Shattsur/nemotron-smeta-4bit-adapter,auto,weighted,0.89,adaptive,0.144
455,17,0.8376,0.9363,0.8866,2.9364,27,145,266,18,0.1289,2,Shattsur/nemotron-smeta-4bit-adapter,auto,rrf,0.80,fixed,0.077
456,17,0.8353,0.9064,0.8790,2.8899,329,121,224,22,0.1630,5,Shattsur/nemotron-smeta-4bit-adapter,auto,rrf,0.86,adaptive,0.143
457,17,0.8436,0.9345,0.8812,2.9343,297,269,217,18,0.1332,2,Shattsur/nemotron-smeta-4bit-adapter,auto,weighted,0.39,fixed,0.062
458,17,0.8439,0.9225,0.8677,2.9053,64,194,257,12,0.0478,2,DiTy/cross-encoder-russian-msmarco,auto,rrf,0.81,fixed,0.079
459,17,0.8339,0.9456,0.8774,2.9337,420,145,14,12,0.1306,5,Shattsur/nemotron-smeta-4bit-adapter,auto,rrf,0.45,fixed,0.075
460,17,0.8435,0.9603,0.8856,2.9701,411,72,72,14,0.1063,2,Shattsur/nemotron-smeta-4bit-adapter,auto,rrf,0.29,fixed,0.245
461,17,0.8291,0.9459,0.8711,2.9224,184,145,79,14,0.0832,2,Shattsur/nemotron-smeta-4bit-adapter,auto,weighted,0.11,fixed,0.143
462,17,0.8379,0.9396,0.8818,2.9354,27,145,79,29,0.0163,2,Shattsur/nemotron-smeta-4bit-adapter,auto,rrf,0.72,fixed,0.127
463,17,0.8331,0.9294,0.8743,2.9101,347,169,296,18,0.2377,2,Alibaba-NLP/gte-reranker-modernbert-base,auto,rrf,0.89,adaptive,0.204
464,17,0.8484,0.9250,0.8666,2.9116,347,169,79,24,0.0334,2,DiTy/cross-encoder-russian-msmarco,auto,weighted,0.31,fixed,0.054
465,17,0.7682,0.8688,0.8535,2.7496,347,95,234,14,0.0224,4,Shattsur/nemotron-smeta-4bit-adapter,auto,weighted,0.89,adaptive,0.239
466,17,0.8495,0.9189,0.8755,2.9152,307,256,257,18,0.0478,2,DiTy/cross-encoder-russian-msmarco,auto,weighted,0.80,fixed,0.130
467,17,0.8472,0.9430,0.8808,2.9477,347,169,98,14,0.0211,2,Shattsur/nemotron-smeta-4bit-adapter,auto,weighted,0.81,adaptive,0.147
468,17,0.8448,0.9467,0.8831,2.9522,376,147,26,24,0.0372,2,Shattsur/nemotron-smeta-4bit-adapter,auto,rrf,0.88,fixed,0.177
469,17,0.7930,0.8889,0.8700,2.8167,48,145,288,48,0.1047,9,Shattsur/nemotron-smeta-4bit-adapter,auto,weighted,0.16,fixed,0.063
470,17,0.8283,0.9210,0.8755,2.8964,482,116,72,19,0.1205,3,Alibaba-NLP/gte-reranker-modernbert-base,auto,rrf,0.56,fixed,0.079
471,17,0.8459,0.9362,0.8802,2.9375,408,195,128,18,0.0163,2,Shattsur/nemotron-smeta-4bit-adapter,auto,weighted,0.86,adaptive,0.063
472,17,0.8454,0.9329,0.8820,2.9350,48,276,128,18,0.0762,2,Shattsur/nemotron-smeta-4bit-adapter,auto,weighted,0.67,adaptive,0.063
473,17,0.8129,0.9573,0.8792,2.9288,40,269,79,41,0.0411,2,Shattsur/nemotron-smeta-4bit-adapter,auto,weighted,0.11,fixed,0.176
474,17,0.8438,0.9601,0.8866,2.9712,343,140,79,18,0.0379,2,Shattsur/nemotron-smeta-4bit-adapter,auto,rrf,0.80,fixed,0.130
475,17,0.8316,0.9157,0.8684,2.8857,347,270,80,39,0.0163,6,Shattsur/nemotron-smeta-4bit-adapter,auto,weighted,0.89,fixed,0.130
476,18,0.8478,0.9176,0.8740,2.9104,297,169,169,18,0.1110,2,DiTy/cross-encoder-russian-msmarco,auto,weighted,0.44,fixed,0.059
477,18,0.8465,0.9454,0.8796,2.9486,91,230,212,10,0.0163,2,Shattsur/nemotron-smeta-4bit-adapter,auto,weighted,0.59,adaptive,0.139
478,18,0.8449,0.9328,0.8825,2.9351,184,70,296,14,0.0172,2,Shattsur/nemotron-smeta-4bit-adapter,auto,weighted,0.45,adaptive,0.098
479,18,0.8538,0.9465,0.8771,2.9545,347,289,67,14,0.0372,2,DiTy/cross-encoder-russian-msmarco,auto,weighted,0.89,fixed,0.239
480,18,0.8435,0.9603,0.8856,2.9701,411,72,286,14,0.1063,2,Shattsur/nemotron-smeta-4bit-adapter,auto,rrf,0.90,fixed,0.239
481,18,0.7642,0.9091,0.8565,2.7973,411,145,79,14,0.1289,8,Shattsur/nemotron-smeta-4bit-adapter,auto,rrf,0.81,adaptive,0.245
482,18,0.8172,0.9041,0.8661,2.8548,347,169,79,12,0.1575,10,Shattsur/nemotron-smeta-4bit-adapter,auto,weighted,0.25,adaptive,0.079
483,18,0.8446,0.9542,0.8817,2.9596,61,247,240,43,0.0334,2,Shattsur/nemotron-smeta-4bit-adapter,auto,weighted,0.80,fixed,0.130
484,18,0.7473,0.8972,0.8522,2.7613,343,116,257,39,0.2402,6,Shattsur/nemotron-smeta-4bit-adapter,auto,weighted,0.23,fixed,0.145
485,18,0.8459,0.9137,0.8640,2.8927,362,230,81,36,0.1683,2,DiTy/cross-encoder-russian-msmarco,auto,weighted,0.89,fixed,0.130
486,18,0.8072,0.9142,0.8635,2.8541,334,57,174,18,0.0163,8,Shattsur/nemotron-smeta-4bit-adapter,auto,weighted,0.11,fixed,0.130
487,18,0.8432,0.9492,0.8857,2.9564,61,197,201,24,0.0163,2,Shattsur/nemotron-smeta-4bit-adapter,auto,rrf,0.73,fixed,0.083
488,18,0.8392,0.9519,0.8660,2.9341,27,145,23,10,0.0832,4,Shattsur/nemotron-smeta-4bit-adapter,auto,weighted,0.73,fixed,0.083
489,18,0.7657,0.9070,0.8620,2.8024,220,18,266,29,0.1289,2,Shattsur/nemotron-smeta-4bit-adapter,auto,rrf,0.80,adaptive,0.234
490,18,0.8495,0.9203,0.8736,2.9149,347,299,72,14,0.1289,2,DiTy/cross-encoder-russian-msmarco,auto,weighted,0.29,fixed,0.245
491,18,0.8397,0.9432,0.8744,2.9334,482,247,79,10,0.0832,2,Alibaba-NLP/gte-reranker-modernbert-base,auto,weighted,0.56,fixed,0.121
492,18,0.8433,0.9489,0.8862,2.9567,396,83,174,24,0.1659,2,Shattsur/nemotron-smeta-4bit-adapter,auto,rrf,0.83,fixed,0.070
493,18,0.8341,0.9227,0.8739,2.9026,376,254,157,19,0.0372,2,Alibaba-NLP/gte-reranker-modernbert-base,auto,rrf,0.79,fixed,0.177
494,18,0.8148,0.9217,0.8689,2.8766,148,169,72,48,0.1475,5,Alibaba-NLP/gte-reranker-modernbert-base,auto,rrf,0.29,fixed,0.130
495,18,0.8493,0.9214,0.8755,2.9180,148,145,112,14,0.0211,2,DiTy/cross-encoder-russian-msmarco,auto,weighted,0.48,adaptive,0.147
496,18,0.8336,0.9404,0.8700,2.9190,320,64,79,14,0.0372,2,Alibaba-NLP/gte-reranker-modernbert-base,auto,weighted,0.45,fixed,0.188
497,18,0.8429,0.9439,0.8835,2.9473,49,258,127,18,0.0163,2,Shattsur/nemotron-smeta-4bit-adapter,auto,rrf,0.59,adaptive,0.130
498,18,0.8395,0.9482,0.8824,2.9479,49,283,127,30,0.1332,2,Shattsur/nemotron-smeta-4bit-adapter,auto,weighted,0.45,fixed,0.132
499,18,0.8346,0.9345,0.8763,2.9199,408,140,253,39,0.0372,4,Shattsur/nemotron-smeta-4bit-adapter,auto,weighted,0.89,fixed,0.130
500,18,0.8451,0.9444,0.8611,2.9256,347,200,281,16,0.2196,2,DiTy/cross-encoder-russian-msmarco,auto,rrf,0.44,adaptive,0.135
501,18,0.8438,0.9601,0.8866,2.9712,283,121,79,18,0.0163,2,Shattsur/nemotron-smeta-4bit-adapter,auto,rrf,0.45,adaptive,0.076
502,18,0.8462,0.9362,0.8804,2.9381,334,230,212,18,0.1926,2,Shattsur/nemotron-smeta-4bit-adapter,auto,weighted,0.90,adaptive,0.155
503,18,0.8102,0.9028,0.8687,2.8491,500,64,25,32,0.0372,10,Shattsur/nemotron-smeta-4bit-adapter,auto,weighted,0.28,fixed,0.239
504,19,0.8425,0.9449,0.8875,2.9527,411,72,98,22,0.0615,2,Shattsur/nemotron-smeta-4bit-adapter,auto,rrf,0.29,fixed,0.050
505,19,0.8032,0.9196,0.8703,2.8641,184,284,53,14,0.0163,2,Shattsur/nemotron-smeta-4bit-adapter,auto,weighted,0.45,adaptive,0.188
506,19,0.8008,0.9344,0.8766,2.8863,120,145,202,14,0.1868,2,Shattsur/nemotron-smeta-4bit-adapter,auto,rrf,0.75,adaptive,0.177
507,19,0.8470,0.9220,0.8749,2.9158,91,230,212,17,0.0959,2,DiTy/cross-encoder-russian-msmarco,auto,weighted,0.59,fixed,0.247
508,19,0.8481,0.9106,0.8669,2.8943,380,124,181,37,0.0242,2,DiTy/cross-encoder-russian-msmarco,auto,rrf,0.86,fixed,0.076
509,19,0.8435,0.9339,0.8808,2.9329,30,284,211,20,0.0372,2,Shattsur/nemotron-smeta-4bit-adapter,auto,weighted,0.45,fixed,0.170
510,19,0.8475,0.9416,0.8808,2.9463,320,96,217,14,0.0372,2,Shattsur/nemotron-smeta-4bit-adapter,auto,weighted,0.71,fixed,0.153
511,19,0.7652,0.9126,0.8620,2.8085,411,158,286,25,0.2336,2,Shattsur/nemotron-smeta-4bit-adapter,auto,rrf,0.73,fixed,0.193
512,19,0.8412,0.9308,0.8684,2.9135,15,144,23,10,0.2306,2,Alibaba-NLP/gte-reranker-modernbert-base,auto,weighted,0.73,adaptive,0.245
513,19,0.8322,0.9530,0.8818,2.9458,174,230,79,50,0.0379,2,Shattsur/nemotron-smeta-4bit-adapter,auto,rrf,0.80,adaptive,0.130
514,19,0.8461,0.9077,0.8644,2.8862,343,154,257,25,0.0372,2,DiTy/cross-encoder-russian-msmarco,auto,weighted,0.89,adaptive,0.130
515,19,0.8330,0.9532,0.8829,2.9480,69,121,296,39,0.0372,2,Shattsur/nemotron-smeta-4bit-adapter,auto,rrf,0.29,fixed,0.050
516,19,0.8478,0.9176,0.8740,2.9104,334,230,212,18,0.0163,2,DiTy/cross-encoder-russian-msmarco,auto,weighted,0.45,fixed,0.130
517,19,0.8434,0.9385,0.8817,2.9394,356,247,211,32,0.2419,2,Shattsur/nemotron-smeta-4bit-adapter,auto,weighted,0.67,adaptive,0.067
518,19,0.8468,0.9486,0.8663,2.9381,347,261,281,10,0.1624,3,DiTy/cross-encoder-russian-msmarco,auto,rrf,0.89,fixed,0.129
519,19,0.8347,0.9187,0.8769,2.9019,74,72,261,16,0.0809,4,Shattsur/nemotron-smeta-4bit-adapter,auto,rrf,0.90,fixed,0.224
520,19,0.8428,0.9411,0.8831,2.9436,411,230,98,37,0.0163,2,Shattsur/nemotron-smeta-4bit-adapter,auto,rrf,0.45,fixed,0.130
521,19,0.8301,0.9287,0.8720,2.9037,334,194,257,12,0.2002,4,Alibaba-NLP/gte-reranker-modernbert-base,auto,rrf,0.64,fixed,0.060
522,19,0.8429,0.9122,0.8692,2.8937,184,169,93,43,0.0163,4,DiTy/cross-encoder-russian-msmarco,auto,rrf,0.33,adaptive,0.137
523,19,0.7637,0.9135,0.8631,2.8093,334,230,209,23,0.0189,2,Shattsur/nemotron-smeta-4bit-adapter,auto,rrf,0.45,adaptive,0.245
524,19,0.8420,0.9391,0.8830,2.9402,27,145,79,36,0.1695,2,Shattsur/nemotron-smeta-4bit-adapter,auto,weighted,0.70,fixed,0.050
525,19,0.8475,0.9222,0.8756,2.9172,59,230,90,21,0.0372,2,DiTy/cross-encoder-russian-msmarco,auto,weighted,0.59,adaptive,0.101
526,19,0.8482,0.9282,0.8656,2.9141,334,160,72,39,0.1306,2,DiTy/cross-encoder-russian-msmarco,auto,rrf,0.45,adaptive,0.130
527,19,0.8272,0.9392,0.8811,2.9235,482,215,240,27,0.0334,2,Shattsur/nemotron-smeta-4bit-adapter,auto,weighted,0.29,fixed,0.130
528,19,0.8432,0.9364,0.8761,2.9306,411,230,86,14,0.0615,2,Shattsur/nemotron-smeta-4bit-adapter,auto,weighted,0.26,fixed,0.147
529,19,0.8424,0.9419,0.8842,2.9453,343,88,93,32,0.1659,2,Shattsur/nemotron-smeta-4bit-adapter,auto,rrf,0.90,adaptive,0.065
530,19,0.8446,0.9257,0.8819,2.9257,61,286,79,22,0.0276,2,Shattsur/nemotron-smeta-4bit-adapter,auto,weighted,0.62,fixed,0.103
531,19,0.7685,0.9093,0.8544,2.7995,334,14,212,18,0.0224,10,Shattsur/nemotron-smeta-4bit-adapter,auto,rrf,0.67,adaptive,0.244
532,20,0.8454,0.9370,0.8813,2.9392,184,147,14,24,0.0372,2,Shattsur/nemotron-smeta-4bit-adapter,auto,weighted,0.88,fixed,0.130
533,20,0.7350,0.9004,0.8576,2.7588,49,88,183,45,0.2369,2,Shattsur/nemotron-smeta-4bit-adapter,auto,weighted,0.18,fixed,0.081
534,20,0.8476,0.9431,0.8797,2.9470,15,197,79,14,0.0163,2,Shattsur/nemotron-smeta-4bit-adapter,auto,weighted,0.86,fixed,0.083
535,20,0.8373,0.9429,0.8837,2.9409,376,169,224,46,0.0372,2,Shattsur/nemotron-smeta-4bit-adapter,auto,rrf,0.88,adaptive,0.140
536,20,0.8464,0.9285,0.8704,2.9180,343,140,68,18,0.0379,2,DiTy/cross-encoder-russian-msmarco,auto,rrf,0.46,fixed,0.140
537,20,0.8252,0.9295,0.8674,2.8947,480,247,72,26,0.0372,9,Shattsur/nemotron-smeta-4bit-adapter,auto,rrf,0.25,fixed,0.184
538,20,0.8344,0.9365,0.8729,2.9184,411,72,294,43,0.0163,2,Alibaba-NLP/gte-reranker-modernbert-base,auto,weighted,0.83,fixed,0.137
539,20,0.8358,0.9389,0.8817,2.9323,411,72,23,22,0.0684,2,Shattsur/nemotron-smeta-4bit-adapter,auto,weighted,0.29,fixed,0.137
540,20,0.7647,0.9122,0.8616,2.8071,411,72,220,14,0.1289,2,Shattsur/nemotron-smeta-4bit-adapter,auto,rrf,0.61,adaptive,0.245
541,20,0.8440,0.9608,0.8859,2.9715,479,230,80,14,0.0163,2,Shattsur/nemotron-smeta-4bit-adapter,auto,rrf,0.45,fixed,0.130
542,20,0.8435,0.9446,0.8722,2.9364,184,230,79,14,0.0084,4,DiTy/cross-encoder-russian-msmarco,auto,weighted,0.45,fixed,0.197
543,20,0.8444,0.9479,0.8803,2.9502,343,186,201,37,0.0249,2,Shattsur/nemotron-smeta-4bit-adapter,auto,weighted,0.80,fixed,0.130
544,20,0.8252,0.8958,0.8695,2.8566,343,189,257,12,0.0224,8,Shattsur/nemotron-smeta-4bit-adapter,auto,weighted,0.45,fixed,0.130
545,20,0.7691,0.9183,0.8560,2.8127,43,117,53,10,0.2306,2,Shattsur/nemotron-smeta-4bit-adapter,auto,weighted,0.45,fixed,0.083
546,20,0.8333,0.9363,0.8723,2.9163,91,64,211,33,0.0163,6,Shattsur/nemotron-smeta-4bit-adapter,auto,weighted,0.90,adaptive,0.139
547,20,0.7948,0.9085,0.8657,2.8372,91,270,212,10,0.1683,4,Shattsur/nemotron-smeta-4bit-adapter,auto,rrf,0.66,fixed,0.244
548,20,0.8376,0.9507,0.8737,2.9395,219,147,26,10,0.0334,2,Alibaba-NLP/gte-reranker-modernbert-base,auto,rrf,0.29,fixed,0.245
549,20,0.8098,0.9409,0.8697,2.8955,500,72,28,14,0.2071,2,Shattsur/nemotron-smeta-4bit-adapter,auto,rrf,0.44,fixed,0.245
550,20,0.8492,0.9203,0.8736,2.9146,27,95,139,14,0.0163,2,DiTy/cross-encoder-russian-msmarco,auto,weighted,0.43,adaptive,0.181
551,20,0.8339,0.9279,0.8771,2.9122,137,230,56,16,0.0163,2,Alibaba-NLP/gte-reranker-modernbert-base,auto,rrf,0.65,fixed,0.072
552,20,0.8425,0.9389,0.8871,2.9449,151,100,72,24,0.0662,2,Shattsur/nemotron-smeta-4bit-adapter,auto,rrf,0.39,adaptive,0.121
553,20,0.7676,0.9079,0.8598,2.8028,69,169,296,39,0.0372,2,Shattsur/nemotron-smeta-4bit-adapter,auto,weighted,0.59,adaptive,0.233
554,20,0.8309,0.8828,0.8681,2.8452,347,287,105,24,0.1289,10,DiTy/cross-encoder-russian-msmarco,auto,rrf,0.59,adaptive,0.151
555,20,0.8098,0.9314,0.8694,2.8838,105,254,72,24,0.2154,2,Shattsur/nemotron-smeta-4bit-adapter,auto,weighted,0.88,fixed,0.177
556,20,0.8010,0.9348,0.8755,2.8858,343,259,79,18,0.1883,2,Shattsur/nemotron-smeta-4bit-adapter,auto,rrf,0.80,fixed,0.177
557,20,0.8424,0.9419,0.8842,2.9453,225,121,79,35,0.0443,2,Shattsur/nemotron-smeta-4bit-adapter,auto,rrf,0.45,fixed,0.189
558,20,0.8478,0.9385,0.8775,2.9393,91,76,44,10,0.0163,2,Shattsur/nemotron-smeta-4bit-adapter,auto,weighted,0.80,adaptive,0.083
559,20,0.8458,0.9464,0.8789,2.9482,10,219,296,39,0.0224,2,Shattsur/nemotron-smeta-4bit-adapter,auto,weighted,0.45,fixed,0.101
560,21,0.8427,0.9365,0.8758,2.9299,15,247,56,13,0.0334,2,Shattsur/nemotron-smeta-4bit-adapter,auto,weighted,0.23,fixed,0.083
561,21,0.8436,0.9345,0.8812,2.9343,283,269,80,18,0.0918,2,Shattsur/nemotron-smeta-4bit-adapter,auto,weighted,0.45,adaptive,0.143
562,21,0.8417,0.9532,0.8814,2.9550,119,247,296,39,0.1322,2,Shattsur/nemotron-smeta-4bit-adapter,auto,rrf,0.80,adaptive,0.130
563,21,0.8465,0.9293,0.8622,2.9101,334,230,72,19,0.1306,2,DiTy/cross-encoder-russian-msmarco,auto,rrf,0.55,adaptive,0.130
564,21,0.8365,0.9139,0.8793,2.9004,184,130,14,14,0.0334,5,Shattsur/nemotron-smeta-4bit-adapter,auto,weighted,0.66,adaptive,0.130
565,21,0.8455,0.9344,0.8806,2.9355,184,230,59,14,0.1275,2,Shattsur/nemotron-smeta-4bit-adapter,auto,weighted,0.43,fixed,0.130
566,21,0.8325,0.9311,0.8727,2.9098,61,263,201,43,0.1597,2,Alibaba-NLP/gte-reranker-modernbert-base,auto,weighted,0.80,fixed,0.130
567,21,0.8458,0.9409,0.8827,2.9458,334,51,72,24,0.1306,2,Shattsur/nemotron-smeta-4bit-adapter,auto,rrf,0.45,adaptive,0.130
568,21,0.8454,0.9333,0.8828,2.9365,184,157,14,14,0.0163,2,Shattsur/nemotron-smeta-4bit-adapter,auto,weighted,0.45,fixed,0.209
569,21,0.8299,0.9310,0.8732,2.9075,91,30,148,43,0.0334,2,Alibaba-NLP/gte-reranker-modernbert-base,auto,weighted,0.80,adaptive,0.130
570,21,0.8311,0.9420,0.8818,2.9315,343,83,257,39,0.0224,2,Shattsur/nemotron-smeta-4bit-adapter,auto,weighted,0.45,adaptive,0.101
571,21,0.8492,0.9198,0.8743,2.9147,413,194,14,14,0.0163,2,DiTy/cross-encoder-russian-msmarco,auto,weighted,0.45,adaptive,0.244
572,21,0.8322,0.9462,0.8804,2.9360,424,151,107,42,0.1156,3,Shattsur/nemotron-smeta-4bit-adapter,auto,rrf,0.45,fixed,0.221
573,21,0.8432,0.9559,0.8806,2.9589,443,64,211,32,0.0372,2,Shattsur/nemotron-smeta-4bit-adapter,auto,rrf,0.90,adaptive,0.067
574,21,0.8327,0.9336,0.8740,2.9144,376,197,26,46,0.0372,2,Alibaba-NLP/gte-reranker-modernbert-base,auto,rrf,0.88,fixed,0.177
575,21,0.8434,0.9385,0.8817,2.9394,15,197,123,32,0.1256,2,Shattsur/nemotron-smeta-4bit-adapter,auto,weighted,0.16,fixed,0.125
576,21,0.8291,0.9117,0.8718,2.8821,404,140,79,18,0.1112,10,Shattsur/nemotron-smeta-4bit-adapter,auto,rrf,0.55,fixed,0.130
577,21,0.8439,0.9355,0.8833,2.9382,167,230,74,24,0.0963,2,Shattsur/nemotron-smeta-4bit-adapter,auto,weighted,0.45,adaptive,0.130
578,21,0.7999,0.9236,0.8689,2.8641,347,169,145,10,0.1624,2,Shattsur/nemotron-smeta-4bit-adapter,auto,weighted,0.44,adaptive,0.182
579,21,0.8507,0.9234,0.8653,2.9106,343,140,79,29,0.1624,2,DiTy/cross-encoder-russian-msmarco,auto,rrf,0.80,fixed,0.239
580,21,0.8348,0.9275,0.8719,2.9069,479,116,169,12,0.1110,2,Alibaba-NLP/gte-reranker-modernbert-base,auto,weighted,0.70,fixed,0.130
581,21,0.8480,0.9258,0.8744,2.9209,10,243,160,14,0.0224,2,DiTy/cross-encoder-russian-msmarco,auto,rrf,0.89,fixed,0.089
582,21,0.8240,0.8900,0.8681,2.8470,283,269,79,40,0.0372,10,Shattsur/nemotron-smeta-4bit-adapter,auto,rrf,0.89,fixed,0.076
583,21,0.8387,0.9173,0.8730,2.8998,334,197,23,10,0.1653,10,Shattsur/nemotron-smeta-4bit-adapter,auto,weighted,0.73,adaptive,0.083
584,21,0.8458,0.9464,0.8789,2.9482,10,219,201,39,0.0224,2,Shattsur/nemotron-smeta-4bit-adapter,auto,weighted,0.45,fixed,0.130
585,21,0.8437,0.9610,0.8840,2.9693,184,101,72,10,0.0642,2,Shattsur/nemotron-smeta-4bit-adapter,auto,rrf,0.83,adaptive,0.151
586,21,0.8472,0.9229,0.8661,2.9074,102,32,296,39,0.1756,2,DiTy/cross-encoder-russian-msmarco,auto,rrf,0.89,adaptive,0.147
587,21,0.8314,0.9174,0.8736,2.8933,343,211,86,14,0.0372,10,Shattsur/nemotron-smeta-4bit-adapter,auto,rrf,0.89,adaptive,0.104
588,22,0.8098,0.9314,0.8694,2.8838,69,289,296,17,0.0372,2,Shattsur/nemotron-smeta-4bit-adapter,auto,weighted,0.89,adaptive,0.213
589,22,0.8412,0.9434,0.8814,2.9427,49,230,212,10,0.1956,2,Shattsur/nemotron-smeta-4bit-adapter,auto,rrf,0.39,adaptive,0.140
590,22,0.8288,0.9260,0.8740,2.9014,222,270,14,39,0.0126,2,Alibaba-NLP/gte-reranker-modernbert-base,auto,weighted,0.29,adaptive,0.209
591,22,0.7530,0.8711,0.8526,2.7363,283,21,212,37,0.0841,10,Shattsur/nemotron-smeta-4bit-adapter,auto,rrf,0.59,adaptive,0.228
592,22,0.8055,0.9320,0.8711,2.8821,69,104,296,39,0.0372,2,Shattsur/nemotron-smeta-4bit-adapter,auto,weighted,0.76,adaptive,0.219
593,22,0.8487,0.9204,0.8651,2.9047,132,177,98,22,0.0615,2,DiTy/cross-encoder-russian-msmarco,auto,weighted,0.29,fixed,0.130
594,22,0.8322,0.9114,0.8747,2.8880,69,230,155,39,0.2497,4,Shattsur/nemotron-smeta-4bit-adapter,auto,weighted,0.70,adaptive,0.101
595,22,0.8453,0.9542,0.8813,2.9598,347,244,201,45,0.0224,2,Shattsur/nemotron-smeta-4bit-adapter,auto,weighted,0.89,fixed,0.130
596,22,0.8527,0.9314,0.8756,2.9335,15,129,47,10,0.0379,2,DiTy/cross-encoder-russian-msmarco,auto,weighted,0.73,fixed,0.113
597,22,0.8310,0.9403,0.8753,2.9221,10,219,200,18,0.0163,2,Alibaba-NLP/gte-reranker-modernbert-base,auto,weighted,0.60,adaptive,0.076
598,22,0.7634,0.9094,0.8554,2.7956,334,230,155,33,0.1110,7,Shattsur/nemotron-smeta-4bit-adapter,auto,weighted,0.71,adaptive,0.248
599,22,0.8542,0.9391,0.8797,2.9488,500,230,230,10,0.0163,2,DiTy/cross-encoder-russian-msmarco,auto,weighted,0.44,adaptive,0.239
600,22,0.8458,0.9409,0.8827,2.9458,334,51,72,24,0.1306,2,Shattsur/nemotron-smeta-4bit-adapter,auto,rrf,0.45,adaptive,0.130
601,22,0.8440,0.9608,0.8859,2.9715,347,230,71,14,0.2489,2,Shattsur/nemotron-smeta-4bit-adapter,auto,rrf,0.64,adaptive,0.147
602,22,0.8427,0.9377,0.8824,2.9386,91,207,80,25,0.0163,2,Shattsur/nemotron-smeta-4bit-adapter,auto,weighted,0.45,fixed,0.150
603,22,0.8169,0.8933,0.8633,2.8386,500,64,281,38,0.0372,8,Shattsur/nemotron-smeta-4bit-adapter,auto,weighted,0.44,adaptive,0.067
604,22,0.8288,0.9210,0.8703,2.8913,322,169,281,10,0.1624,7,Shattsur/nemotron-smeta-4bit-adapter,auto,weighted,0.45,adaptive,0.130
605,22,0.8478,0.9176,0.8740,2.9104,61,230,253,16,0.0163,2,DiTy/cross-encoder-russian-msmarco,auto,weighted,0.45,fixed,0.130
606,22,0.8322,0.9530,0.8818,2.9458,61,230,243,49,0.0372,2,Shattsur/nemotron-smeta-4bit-adapter,auto,rrf,0.56,fixed,0.105
607,22,0.7561,0.8835,0.8595,2.7617,334,72,278,33,0.0224,2,Shattsur/nemotron-smeta-4bit-adapter,auto,weighted,0.29,adaptive,0.244
608,22,0.8409,0.9321,0.8615,2.9071,184,169,19,27,0.0257,7,DiTy/cross-encoder-russian-msmarco,auto,weighted,0.59,adaptive,0.209
609,22,0.8370,0.9052,0.8862,2.8981,320,267,79,14,0.0372,3,Shattsur/nemotron-smeta-4bit-adapter,auto,rrf,0.86,fixed,0.067
610,22,0.8258,0.8547,0.8681,2.8063,404,270,79,50,0.0124,10,Shattsur/nemotron-smeta-4bit-adapter,auto,weighted,0.89,fixed,0.130
611,22,0.8488,0.9528,0.8795,2.9596,238,256,80,14,0.0372,2,Shattsur/nemotron-smeta-4bit-adapter,auto,weighted,0.89,fixed,0.130
612,22,0.8444,0.9341,0.8809,2.9343,184,157,14,14,0.0163,2,Shattsur/nemotron-smeta-4bit-adapter,auto,rrf,0.78,fixed,0.238
613,22,0.8425,0.9298,0.8783,2.9244,479,34,122,12,0.1110,3,Shattsur/nemotron-smeta-4bit-adapter,auto,weighted,0.73,fixed,0.104
614,22,0.8457,0.9357,0.8809,2.9376,59,140,281,18,0.0460,2,Shattsur/nemotron-smeta-4bit-adapter,auto,weighted,0.80,adaptive,0.138
615,22,0.8322,0.9138,0.8796,2.8964,411,91,242,23,0.0783,4,Shattsur/nemotron-smeta-4bit-adapter,auto,rrf,0.29,fixed,0.050
616,23,0.8479,0.9205,0.8664,2.9055,69,47,84,39,0.0224,2,DiTy/cross-encoder-russian-msmarco,auto,weighted,0.38,adaptive,0.185
617,23,0.8082,0.8586,0.8597,2.7843,479,72,155,12,0.0566,9,Shattsur/nemotron-smeta-4bit-adapter,auto,weighted,0.17,fixed,0.130
618,23,0.8344,0.9365,0.8729,2.9184,61,151,240,43,0.0334,2,Alibaba-NLP/gte-reranker-modernbert-base,auto,weighted,0.80,fixed,0.130
619,23,0.8323,0.9578,0.8819,2.9517,69,49,98,39,0.1473,2,Shattsur/nemotron-smeta-4bit-adapter,auto,rrf,0.29,fixed,0.101
620,23,0.8416,0.9419,0.8705,2.9295,61,194,257,12,0.0334,4,Shattsur/nemotron-smeta-4bit-adapter,auto,weighted,0.80,adaptive,0.111
621,23,0.7695,0.9140,0.8581,2.8103,347,247,240,14,0.2489,2,Shattsur/nemotron-smeta-4bit-adapter,auto,weighted,0.64,fixed,0.142
622,23,0.8459,0.9345,0.8777,2.9327,365,230,240,12,0.0334,2,Shattsur/nemotron-smeta-4bit-adapter,auto,weighted,0.45,adaptive,0.130
623,23,0.8344,0.9020,0.8795,2.8843,391,260,127,22,0.1332,6,Shattsur/nemotron-smeta-4bit-adapter,auto,rrf,0.59,adaptive,0.151
624,23,0.8316,0.9413,0.8807,2.9298,61,254,297,43,0.0334,2,Shattsur/nemotron-smeta-4bit-adapter,auto,weighted,0.49,adaptive,0.130
625,23,0.8331,0.9168,0.8782,2.8993,283,121,150,14,0.2104,5,Shattsur/nemotron-smeta-4bit-adapter,auto,rrf,0.71,adaptive,0.076
626,23,0.8288,0.9260,0.8740,2.9014,71,67,257,39,0.2381,2,Alibaba-NLP/gte-reranker-modernbert-base,auto,weighted,0.40,adaptive,0.130
627,23,0.8462,0.9225,0.8664,2.9063,347,169,98,37,0.1110,2,DiTy/cross-encoder-russian-msmarco,auto,weighted,0.32,fixed,0.130
628,23,0.8430,0.9619,0.8829,2.9685,117,63,79,18,0.2073,2,Shattsur/nemotron-smeta-4bit-adapter,auto,rrf,0.88,adaptive,0.164
629,23,0.8370,0.9498,0.8733,2.9375,184,157,72,12,0.1306,2,Alibaba-NLP/gte-reranker-modernbert-base,auto,weighted,0.45,adaptive,0.123
630,23,0.8434,0.9385,0.8817,2.9394,15,197,35,39,0.0163,2,Shattsur/nemotron-smeta-4bit-adapter,auto,weighted,0.55,fixed,0.101
631,23,0.8441,0.9606,0.8834,2.9684,343,230,72,12,0.0372,2,Shattsur/nemotron-smeta-4bit-adapter,auto,rrf,0.78,adaptive,0.130
632,23,0.8440,0.9597,0.8836,2.9676,400,247,72,10,0.0479,2,Shattsur/nemotron-smeta-4bit-adapter,auto,rrf,0.88,fixed,0.224
633,23,0.8411,0.9552,0.8852,2.9611,399,140,296,39,0.1587,2,Shattsur/nemotron-smeta-4bit-adapter,auto,rrf,0.89,fixed,0.130
634,23,0.8459,0.9362,0.8802,2.9375,238,151,26,24,0.2306,2,Shattsur/nemotron-smeta-4bit-adapter,auto,weighted,0.83,adaptive,0.144
635,23,0.8372,0.9525,0.8805,2.9488,238,231,71,45,0.0429,2,Shattsur/nemotron-smeta-4bit-adapter,auto,rrf,0.64,adaptive,0.169
636,23,0.8047,0.8969,0.8685,2.8362,238,256,300,14,0.1935,5,Shattsur/nemotron-smeta-4bit-adapter,auto,weighted,0.89,fixed,0.091
637,23,0.8440,0.9608,0.8859,2.9715,177,197,79,14,0.0615,2,Shattsur/nemotron-smeta-4bit-adapter,auto,rrf,0.29,fixed,0.083
638,23,0.7638,0.9031,0.8616,2.7953,260,121,79,35,0.2281,2,Shattsur/nemotron-smeta-4bit-adapter,auto,rrf,0.80,fixed,0.152
639,23,0.8129,0.9573,0.8792,2.9288,343,247,155,43,0.0372,2,Shattsur/nemotron-smeta-4bit-adapter,auto,weighted,0.14,adaptive,0.130
640,23,0.8439,0.9609,0.8847,2.9701,69,254,72,24,0.1205,2,Shattsur/nemotron-smeta-4bit-adapter,auto,rrf,0.13,fixed,0.177
641,23,0.8280,0.9264,0.8703,2.8970,347,170,137,39,0.0372,9,Shattsur/nemotron-smeta-4bit-adapter,auto,weighted,0.89,adaptive,0.082
642,23,0.8475,0.9222,0.8756,2.9172,22,289,140,19,0.0372,2,DiTy/cross-encoder-russian-msmarco,auto,weighted,0.59,fixed,0.239
643,23,0.8382,0.9326,0.8743,2.9191,283,116,257,18,0.0372,2,Alibaba-NLP/gte-reranker-modernbert-base,auto,weighted,0.89,adaptive,0.130
644,24,0.8444,0.9211,0.8672,2.9037,403,124,79,12,0.0163,4,Shattsur/nemotron-smeta-4bit-adapter,auto,weighted,0.86,fixed,0.083
645,24,0.8328,0.8810,0.8742,2.8515,376,147,26,24,0.0372,8,Shattsur/nemotron-smeta-4bit-adapter,auto,rrf,0.88,adaptive,0.163
646,24,0.8464,0.9162,0.8656,2.8980,49,169,280,25,0.0372,2,DiTy/cross-encoder-russian-msmarco,auto,rrf,0.89,fixed,0.119
647,24,0.8104,0.9412,0.8678,2.8944,184,18,289,14,0.0163,2,Shattsur/nemotron-smeta-4bit-adapter,auto,weighted,0.45,adaptive,0.209
648,24,0.7708,0.9170,0.8595,2.8167,337,281,79,18,0.0700,2,Shattsur/nemotron-smeta-4bit-adapter,auto,weighted,0.45,adaptive,0.239
649,24,0.8129,0.8939,0.8663,2.8384,61,267,14,43,0.0163,8,Alibaba-NLP/gte-reranker-modernbert-base,auto,weighted,0.45,fixed,0.209
650,24,0.8333,0.9072,0.8696,2.8785,376,147,72,10,0.0372,8,Shattsur/nemotron-smeta-4bit-adapter,auto,rrf,0.88,fixed,0.151
651,24,0.8032,0.9380,0.8747,2.8910,496,247,100,23,0.0479,2,Shattsur/nemotron-smeta-4bit-adapter,auto,rrf,0.31,adaptive,0.224
652,24,0.8453,0.9536,0.8819,2.9598,69,109,296,39,0.2095,2,Shattsur/nemotron-smeta-4bit-adapter,auto,weighted,0.80,adaptive,0.101
653,24,0.8247,0.9265,0.8710,2.8945,69,169,296,48,0.0201,2,Alibaba-NLP/gte-reranker-modernbert-base,auto,weighted,0.22,adaptive,0.244
654,24,0.8457,0.9340,0.8816,2.9362,229,157,155,20,0.0642,2,Shattsur/nemotron-smeta-4bit-adapter,auto,weighted,0.45,fixed,0.209
655,24,0.8486,0.9259,0.8672,2.9137,241,230,72,37,0.1306,2,DiTy/cross-encoder-russian-msmarco,auto,rrf,0.45,adaptive,0.130
656,24,0.8483,0.9451,0.8802,2.9507,454,147,201,14,0.0372,2,Shattsur/nemotron-smeta-4bit-adapter,auto,weighted,0.89,fixed,0.130
657,24,0.8053,0.8955,0.8642,2.8306,184,127,267,10,0.2244,10,Shattsur/nemotron-smeta-4bit-adapter,auto,weighted,0.25,fixed,0.151
658,24,0.8046,0.9372,0.8736,2.8902,411,247,72,24,0.0479,2,Shattsur/nemotron-smeta-4bit-adapter,auto,rrf,0.88,adaptive,0.224
659,24,0.8040,0.9336,0.8699,2.8812,68,140,223,18,0.2073,6,Shattsur/nemotron-smeta-4bit-adapter,auto,rrf,0.33,fixed,0.149
660,24,0.8458,0.9409,0.8827,2.9458,334,51,72,24,0.1306,2,Shattsur/nemotron-smeta-4bit-adapter,auto,rrf,0.45,adaptive,0.130
661,24,0.8447,0.9349,0.8822,2.9370,177,197,14,22,0.1510,2,Shattsur/nemotron-smeta-4bit-adapter,auto,rrf,0.54,fixed,0.209
662,24,0.8428,0.9411,0.8831,2.9436,69,270,296,39,0.0163,2,Shattsur/nemotron-smeta-4bit-adapter,auto,rrf,0.63,adaptive,0.076
663,24,0.8265,0.9302,0.8729,2.9030,467,230,201,43,0.1438,7,Shattsur/nemotron-smeta-4bit-adapter,auto,rrf,0.80,fixed,0.115
664,24,0.8338,0.9147,0.8724,2.8911,347,230,13,14,0.2075,9,Shattsur/nemotron-smeta-4bit-adapter,auto,rrf,0.81,adaptive,0.143
665,24,0.8014,0.9232,0.8740,2.8706,68,116,295,24,0.0372,2,Shattsur/nemotron-smeta-4bit-adapter,auto,rrf,0.13,adaptive,0.182
666,24,0.8440,0.9608,0.8859,2.9715,283,164,79,14,0.0473,2,Shattsur/nemotron-smeta-4bit-adapter,auto,rrf,0.45,fixed,0.164
667,24,0.8439,0.9544,0.8831,2.9606,479,96,155,39,0.1110,2,Shattsur/nemotron-smeta-4bit-adapter,auto,weighted,0.85,fixed,0.214
668,24,0.8443,0.9597,0.8838,2.9681,184,296,85,10,0.0163,2,Shattsur/nemotron-smeta-4bit-adapter,auto,rrf,0.59,adaptive,0.151
669,24,0.8428,0.9411,0.8831,2.9436,69,270,292,39,0.1107,2,Shattsur/nemotron-smeta-4bit-adapter,auto,rrf,0.89,adaptive,0.101
670,24,0.8441,0.9259,0.8559,2.8967,479,230,155,14,0.0179,2,DiTy/cross-encoder-russian-msmarco,auto,rrf,0.30,adaptive,0.130
671,24,0.8446,0.9371,0.8808,2.9379,334,178,155,24,0.1110,2,Shattsur/nemotron-smeta-4bit-adapter,auto,weighted,0.71,fixed,0.130
672,25,0.8427,0.9367,0.8808,2.9356,334,114,249,24,0.0334,2,Shattsur/nemotron-smeta-4bit-adapter,auto,weighted,0.39,adaptive,0.130
673,25,0.8500,0.9513,0.8671,2.9454,500,230,230,10,0.0163,2,DiTy/cross-encoder-russian-msmarco,auto,rrf,0.44,adaptive,0.239
674,25,0.8396,0.9100,0.8653,2.8834,112,230,34,39,0.0372,6,DiTy/cross-encoder-russian-msmarco,auto,weighted,0.71,adaptive,0.130
675,25,0.8528,0.9436,0.8762,2.9489,197,245,249,10,0.1332,2,DiTy/cross-encoder-russian-msmarco,auto,weighted,0.85,fixed,0.239
676,25,0.8458,0.9409,0.8827,2.9458,500,51,72,24,0.1306,2,Shattsur/nemotron-smeta-4bit-adapter,auto,rrf,0.45,adaptive,0.057
677,25,0.8496,0.9092,0.8711,2.8988,411,289,98,29,0.0615,2,DiTy/cross-encoder-russian-msmarco,auto,rrf,0.63,fixed,0.050
678,25,0.8254,0.9000,0.8696,2.8620,454,292,201,33,0.0372,8,Shattsur/nemotron-smeta-4bit-adapter,auto,weighted,0.59,fixed,0.140
679,25,0.8304,0.9212,0.8719,2.8950,479,230,155,12,0.1110,4,Alibaba-NLP/gte-reranker-modernbert-base,auto,rrf,0.16,fixed,0.121
680,25,0.8440,0.9597,0.8836,2.9676,280,230,127,10,0.0163,2,Shattsur/nemotron-smeta-4bit-adapter,auto,rrf,0.89,fixed,0.130
681,25,0.8440,0.9608,0.8859,2.9715,347,169,98,14,0.0676,2,Shattsur/nemotron-smeta-4bit-adapter,auto,rrf,0.81,adaptive,0.133
682,25,0.8418,0.9547,0.8829,2.9587,334,230,206,36,0.1306,2,Shattsur/nemotron-smeta-4bit-adapter,auto,rrf,0.89,adaptive,0.130
683,25,0.8432,0.9605,0.8822,2.9663,69,254,72,12,0.1205,2,Shattsur/nemotron-smeta-4bit-adapter,auto,rrf,0.13,fixed,0.177
684,25,0.8306,0.9245,0.8695,2.8964,69,131,58,22,0.0372,9,Shattsur/nemotron-smeta-4bit-adapter,auto,weighted,0.69,fixed,0.050
685,25,0.8494,0.9435,0.8662,2.9345,480,72,212,10,0.0590,2,DiTy/cross-encoder-russian-msmarco,auto,rrf,0.42,adaptive,0.200
686,25,0.8022,0.9332,0.8734,2.8828,69,164,72,24,0.1710,2,Shattsur/nemotron-smeta-4bit-adapter,auto,rrf,0.44,fixed,0.177
687,25,0.8316,0.9413,0.8807,2.9298,69,270,296,39,0.2070,2,Shattsur/nemotron-smeta-4bit-adapter,auto,weighted,0.45,adaptive,0.140
688,25,0.8438,0.9603,0.8870,2.9719,238,120,80,14,0.0372,2,Shattsur/nemotron-smeta-4bit-adapter,auto,rrf,0.78,fixed,0.177
689,25,0.8440,0.9606,0.8855,2.9708,500,230,150,24,0.0163,2,Shattsur/nemotron-smeta-4bit-adapter,auto,rrf,0.88,fixed,0.165
690,25,0.8495,0.9521,0.8793,2.9592,169,147,67,11,0.0716,2,Shattsur/nemotron-smeta-4bit-adapter,auto,weighted,0.88,fixed,0.243
691,25,0.7686,0.9036,0.8596,2.7985,204,121,221,18,0.2073,2,Shattsur/nemotron-smeta-4bit-adapter,auto,weighted,0.74,adaptive,0.239
692,25,0.8332,0.9127,0.8776,2.8937,479,230,126,14,0.1110,9,Shattsur/nemotron-smeta-4bit-adapter,auto,weighted,0.71,fixed,0.130
693,25,0.7612,0.9027,0.8587,2.7890,22,270,296,34,0.0372,7,Shattsur/nemotron-smeta-4bit-adapter,auto,rrf,0.89,adaptive,0.238
694,25,0.8323,0.9578,0.8819,2.9517,98,51,72,43,0.1306,2,Shattsur/nemotron-smeta-4bit-adapter,auto,rrf,0.80,adaptive,0.130
695,25,0.8439,0.9287,0.8610,2.9054,334,169,131,16,0.1306,2,DiTy/cross-encoder-russian-msmarco,auto,rrf,0.89,adaptive,0.130
696,25,0.7687,0.9065,0.8589,2.8013,93,270,296,27,0.1905,2,Shattsur/nemotron-smeta-4bit-adapter,auto,weighted,0.89,adaptive,0.230
697,25,0.8442,0.9336,0.8840,2.9369,376,147,26,14,0.0256,2,Shattsur/nemotron-smeta-4bit-adapter,auto,rrf,0.89,fixed,0.177
698,25,0.8443,0.8997,0.8654,2.8759,18,202,67,10,0.0642,7,DiTy/cross-encoder-russian-msmarco,auto,weighted,0.83,adaptive,0.151
699,25,0.8439,0.9344,0.8814,2.9348,238,164,57,19,0.0108,2,Shattsur/nemotron-smeta-4bit-adapter,auto,weighted,0.45,adaptive,0.164
700,26,0.8385,0.9413,0.8817,2.9379,283,262,72,47,0.1306,2,Shattsur/nemotron-smeta-4bit-adapter,auto,rrf,0.41,adaptive,0.164
701,26,0.8455,0.9460,0.8830,2.9520,500,18,179,10,0.0163,2,Shattsur/nemotron-smeta-4bit-adapter,auto,rrf,0.81,adaptive,0.130
702,26,0.8412,0.9435,0.8862,2.9483,376,147,296,39,0.0372,2,Shattsur/nemotron-smeta-4bit-adapter,auto,rrf,0.82,adaptive,0.125
703,26,0.8344,0.9198,0.8696,2.8947,279,147,257,39,0.0372,2,Alibaba-NLP/gte-reranker-modernbert-base,auto,rrf,0.89,adaptive,0.177
704,26,0.8482,0.9418,0.8811,2.9475,347,147,280,11,0.0716,2,Shattsur/nemotron-smeta-4bit-adapter,auto,weighted,0.81,fixed,0.243
705,26,0.8084,0.9517,0.8779,2.9161,61,37,140,43,0.0334,2,Shattsur/nemotron-smeta-4bit-adapter,auto,weighted,0.17,adaptive,0.164
706,26,0.8027,0.9211,0.8726,2.8678,113,120,26,14,0.1894,2,Shattsur/nemotron-smeta-4bit-adapter,auto,rrf,0.89,fixed,0.177
707,26,0.8440,0.9608,0.8859,2.9715,251,256,72,14,0.0372,2,Shattsur/nemotron-smeta-4bit-adapter,auto,rrf,0.13,fixed,0.130
708,26,0.8057,0.9369,0.8764,2.8939,290,147,201,14,0.2023,2,Shattsur/nemotron-smeta-4bit-adapter,auto,rrf,0.81,fixed,0.130
709,26,0.8431,0.9315,0.8843,2.9337,83,51,296,24,0.2095,2,Shattsur/nemotron-smeta-4bit-adapter,auto,weighted,0.45,adaptive,0.061
710,26,0.8317,0.8644,0.8599,2.8149,347,20,79,26,0.2073,8,DiTy/cross-encoder-russian-msmarco,auto,weighted,0.25,adaptive,0.130
711,26,0.8173,0.9308,0.8686,2.8898,376,196,296,39,0.0687,9,Shattsur/nemotron-smeta-4bit-adapter,auto,weighted,0.43,adaptive,0.098
712,26,0.8039,0.9298,0.8661,2.8725,340,230,155,14,0.2074,8,Shattsur/nemotron-smeta-4bit-adapter,auto,weighted,0.45,fixed,0.057
713,26,0.8098,0.9409,0.8677,2.8934,500,55,14,14,0.1858,2,Shattsur/nemotron-smeta-4bit-adapter,auto,rrf,0.32,adaptive,0.209
714,26,0.8505,0.9334,0.8784,2.9368,479,230,155,13,0.2482,2,DiTy/cross-encoder-russian-msmarco,auto,weighted,0.71,fixed,0.130
715,26,0.7929,0.8569,0.8707,2.7790,343,116,72,24,0.1995,7,Shattsur/nemotron-smeta-4bit-adapter,auto,weighted,0.89,adaptive,0.174
716,26,0.8454,0.9333,0.8828,2.9365,184,169,14,14,0.0163,2,Shattsur/nemotron-smeta-4bit-adapter,auto,weighted,0.45,fixed,0.130
717,26,0.8007,0.9259,0.8644,2.8626,334,51,72,23,0.1432,9,Shattsur/nemotron-smeta-4bit-adapter,auto,weighted,0.54,adaptive,0.206
718,26,0.7432,0.9091,0.8608,2.7810,69,270,296,39,0.0372,2,Shattsur/nemotron-smeta-4bit-adapter,auto,weighted,0.13,adaptive,0.228
719,26,0.8446,0.9542,0.8817,2.9596,497,247,240,43,0.0334,2,Shattsur/nemotron-smeta-4bit-adapter,auto,weighted,0.80,fixed,0.203
720,26,0.8417,0.9532,0.8814,2.9550,134,254,261,39,0.1205,2,Shattsur/nemotron-smeta-4bit-adapter,auto,rrf,0.13,adaptive,0.101
721,26,0.8481,0.9193,0.8663,2.9043,61,247,67,43,0.0334,2,DiTy/cross-encoder-russian-msmarco,auto,weighted,0.36,adaptive,0.185
722,26,0.8459,0.9137,0.8640,2.8927,347,169,281,34,0.1528,2,DiTy/cross-encoder-russian-msmarco,auto,weighted,0.89,fixed,0.136
723,26,0.8355,0.9453,0.8758,2.9332,145,233,98,19,0.1746,2,Alibaba-NLP/gte-reranker-modernbert-base,auto,rrf,0.29,fixed,0.050
724,26,0.8488,0.9528,0.8795,2.9596,117,169,27,14,0.0163,2,Shattsur/nemotron-smeta-4bit-adapter,auto,weighted,0.89,fixed,0.130
725,26,0.8465,0.9233,0.8669,2.9081,500,48,186,44,0.1624,2,DiTy/cross-encoder-russian-msmarco,auto,rrf,0.44,fixed,0.239
726,26,0.8439,0.9609,0.8847,2.9701,69,254,149,24,0.1205,2,Shattsur/nemotron-smeta-4bit-adapter,auto,rrf,0.88,fixed,0.177
727,26,0.8307,0.9276,0.8708,2.9017,466,106,98,24,0.1190,2,Alibaba-NLP/gte-reranker-modernbert-base,auto,weighted,0.24,adaptive,0.147
728,27,0.8358,0.8910,0.8762,2.8688,49,96,80,10,0.0372,7,Shattsur/nemotron-smeta-4bit-adapter,auto,rrf,0.81,adaptive,0.140
729,27,0.8429,0.9604,0.8850,2.9689,293,147,280,11,0.1432,2,Shattsur/nemotron-smeta-4bit-adapter,auto,rrf,0.81,fixed,0.243
730,27,0.8005,0.9270,0.8721,2.8722,347,289,72,47,0.0642,2,Shattsur/nemotron-smeta-4bit-adapter,auto,rrf,0.89,adaptive,0.193
731,27,0.8224,0.8942,0.8690,2.8513,154,162,280,38,0.0716,10,Shattsur/nemotron-smeta-4bit-adapter,auto,rrf,0.64,fixed,0.243
732,27,0.8446,0.9542,0.8817,2.9596,479,230,155,48,0.1110,2,Shattsur/nemotron-smeta-4bit-adapter,auto,weighted,0.71,fixed,0.109
733,27,0.8283,0.8886,0.8731,2.8550,10,89,73,43,0.0334,7,Shattsur/nemotron-smeta-4bit-adapter,auto,weighted,0.63,fixed,0.130
734,27,0.8359,0.9460,0.8750,2.9336,479,171,155,24,0.2073,2,Alibaba-NLP/gte-reranker-modernbert-base,auto,weighted,0.71,fixed,0.071
735,27,0.8224,0.8989,0.8715,2.8597,479,230,126,14,0.1836,9,Alibaba-NLP/gte-reranker-modernbert-base,auto,rrf,0.71,fixed,0.053
736,27,0.8461,0.9137,0.8648,2.8938,275,169,257,49,0.1436,2,DiTy/cross-encoder-russian-msmarco,auto,weighted,0.54,fixed,0.244
737,27,0.8428,0.9449,0.8877,2.9532,334,120,72,24,0.1537,2,Shattsur/nemotron-smeta-4bit-adapter,auto,rrf,0.13,fixed,0.130
738,27,0.8442,0.9241,0.8830,2.9245,49,51,127,25,0.0639,2,Shattsur/nemotron-smeta-4bit-adapter,auto,rrf,0.18,adaptive,0.140
739,27,0.8326,0.9205,0.8732,2.8977,96,297,155,14,0.1110,2,Alibaba-NLP/gte-reranker-modernbert-base,auto,rrf,0.75,fixed,0.115
740,27,0.8335,0.8995,0.8767,2.8773,343,116,257,22,0.0372,5,Shattsur/nemotron-smeta-4bit-adapter,auto,rrf,0.89,adaptive,0.130
741,27,0.8367,0.9085,0.8865,2.9020,340,208,98,22,0.0615,3,Shattsur/nemotron-smeta-4bit-adapter,auto,rrf,0.56,fixed,0.243
742,27,0.8385,0.9420,0.8653,2.9208,350,169,213,10,0.1896,9,DiTy/cross-encoder-russian-msmarco,auto,rrf,0.44,adaptive,0.243
743,27,0.8429,0.9393,0.8828,2.9411,479,116,155,35,0.1110,2,Shattsur/nemotron-smeta-4bit-adapter,auto,weighted,0.71,fixed,0.130
744,27,0.8088,0.9366,0.8705,2.8902,411,72,46,22,0.2095,2,Shattsur/nemotron-smeta-4bit-adapter,auto,weighted,0.48,fixed,0.050
745,27,0.8459,0.9362,0.8802,2.9375,347,180,167,24,0.0372,2,Shattsur/nemotron-smeta-4bit-adapter,auto,weighted,0.81,fixed,0.177
746,27,0.7683,0.9073,0.8600,2.8030,38,40,67,24,0.0716,2,Shattsur/nemotron-smeta-4bit-adapter,auto,weighted,0.88,adaptive,0.243
747,27,0.8459,0.9362,0.8802,2.9375,347,230,22,30,0.0163,2,Shattsur/nemotron-smeta-4bit-adapter,auto,weighted,0.89,fixed,0.173
748,27,0.8492,0.9521,0.8779,2.9574,450,116,245,11,0.1479,2,Shattsur/nemotron-smeta-4bit-adapter,auto,weighted,0.88,adaptive,0.130
749,27,0.8458,0.9115,0.8633,2.8892,343,289,67,39,0.1839,2,DiTy/cross-encoder-russian-msmarco,auto,weighted,0.89,adaptive,0.161
750,27,0.8502,0.9481,0.8708,2.9458,500,114,281,10,0.0163,2,DiTy/cross-encoder-russian-msmarco,auto,rrf,0.35,fixed,0.239
751,27,0.8376,0.9034,0.8676,2.8760,37,63,79,43,0.1928,8,DiTy/cross-encoder-russian-msmarco,auto,rrf,0.43,fixed,0.130
752,27,0.8428,0.9622,0.8843,2.9702,468,83,280,11,0.0716,2,Shattsur/nemotron-smeta-4bit-adapter,auto,rrf,0.45,adaptive,0.074
753,27,0.8324,0.9193,0.8669,2.8892,297,101,72,10,0.0642,10,Shattsur/nemotron-smeta-4bit-adapter,auto,rrf,0.37,fixed,0.151
754,27,0.8427,0.9419,0.8844,2.9458,258,101,57,36,0.2494,2,Shattsur/nemotron-smeta-4bit-adapter,auto,rrf,0.46,adaptive,0.151
755,27,0.8426,0.9226,0.8681,2.9046,184,109,126,14,0.0332,2,DiTy/cross-encoder-russian-msmarco,auto,rrf,0.89,fixed,0.127
756,28,0.8440,0.9606,0.8855,2.9708,479,230,155,24,0.1306,2,Shattsur/nemotron-smeta-4bit-adapter,auto,rrf,0.71,fixed,0.130
757,28,0.8464,0.9162,0.8656,2.8980,40,230,230,24,0.0163,2,DiTy/cross-encoder-russian-msmarco,auto,rrf,0.75,adaptive,0.130
758,28,0.7647,0.9126,0.8572,2.8028,334,283,257,12,0.0224,7,Shattsur/nemotron-smeta-4bit-adapter,auto,rrf,0.45,adaptive,0.244
759,28,0.8316,0.9413,0.8807,2.9298,479,185,155,33,0.1110,2,Shattsur/nemotron-smeta-4bit-adapter,auto,weighted,0.42,fixed,0.118
760,28,0.8538,0.9465,0.8771,2.9545,347,169,201,14,0.0163,2,DiTy/cross-encoder-russian-msmarco,auto,weighted,0.89,fixed,0.130
761,28,0.8461,0.9077,0.8644,2.8862,69,46,230,39,0.1010,2,DiTy/cross-encoder-russian-msmarco,auto,weighted,0.54,fixed,0.169
762,28,0.8301,0.9287,0.8720,2.9037,438,194,257,12,0.0224,4,Alibaba-NLP/gte-reranker-modernbert-base,auto,rrf,0.45,adaptive,0.244
763,28,0.8380,0.9076,0.8738,2.8883,287,147,201,10,0.1624,10,Shattsur/nemotron-smeta-4bit-adapter,auto,weighted,0.42,fixed,0.109
764,28,0.8483,0.9451,0.8802,2.9507,454,147,51,14,0.0372,2,Shattsur/nemotron-smeta-4bit-adapter,auto,weighted,0.89,fixed,0.130
765,28,0.8440,0.9608,0.8859,2.9715,450,169,245,14,0.1509,2,Shattsur/nemotron-smeta-4bit-adapter,auto,rrf,0.48,adaptive,0.147
766,28,0.8314,0.9059,0.8749,2.8809,319,251,26,24,0.0372,9,Shattsur/nemotron-smeta-4bit-adapter,auto,weighted,0.88,fixed,0.177
767,28,0.8442,0.9418,0.8775,2.9395,184,101,230,10,0.0163,3,Shattsur/nemotron-smeta-4bit-adapter,auto,weighted,0.83,adaptive,0.085
768,28,0.8454,0.9370,0.8813,2.9392,364,109,21,24,0.1043,2,Shattsur/nemotron-smeta-4bit-adapter,auto,weighted,0.88,fixed,0.101
769,28,0.8441,0.9259,0.8559,2.8967,347,256,201,14,0.1229,2,DiTy/cross-encoder-russian-msmarco,auto,rrf,0.13,fixed,0.130
770,28,0.8367,0.9046,0.8737,2.8833,117,63,295,13,0.2073,9,Alibaba-NLP/gte-reranker-modernbert-base,auto,weighted,0.88,fixed,0.164
771,28,0.8522,0.9351,0.8776,2.9397,326,120,25,10,0.0163,2,DiTy/cross-encoder-russian-msmarco,auto,weighted,0.44,adaptive,0.060
772,28,0.8440,0.9606,0.8855,2.9708,251,248,72,22,0.0372,2,Shattsur/nemotron-smeta-4bit-adapter,auto,rrf,0.13,fixed,0.121
773,28,0.8525,0.9331,0.8666,2.9255,500,51,67,11,0.2009,2,DiTy/cross-encoder-russian-msmarco,auto,rrf,0.45,fixed,0.243
774,28,0.8429,0.9286,0.8774,2.9224,347,130,288,32,0.1532,3,DiTy/cross-encoder-russian-msmarco,auto,rrf,0.89,adaptive,0.057
775,28,0.8266,0.9003,0.8642,2.8576,454,147,257,35,0.0372,7,Alibaba-NLP/gte-reranker-modernbert-base,auto,weighted,0.89,fixed,0.130
776,28,0.8448,0.9202,0.8697,2.9057,384,101,72,10,0.1332,4,Shattsur/nemotron-smeta-4bit-adapter,auto,weighted,0.83,fixed,0.151
777,28,0.8461,0.9528,0.8810,2.9586,69,296,85,39,0.1683,2,Shattsur/nemotron-smeta-4bit-adapter,auto,weighted,0.80,adaptive,0.151
778,28,0.8451,0.9069,0.8758,2.8968,226,57,63,10,0.0546,5,Alibaba-NLP/gte-reranker-modernbert-base,auto,weighted,0.88,fixed,0.239
779,28,0.8432,0.9315,0.8642,2.9116,454,150,201,14,0.0642,2,DiTy/cross-encoder-russian-msmarco,auto,rrf,0.89,fixed,0.151
780,28,0.8107,0.9412,0.8692,2.8962,69,120,28,12,0.2095,2,Shattsur/nemotron-smeta-4bit-adapter,auto,weighted,0.56,fixed,0.163
781,28,0.8459,0.9527,0.8816,2.9590,69,265,296,39,0.0372,2,Shattsur/nemotron-smeta-4bit-adapter,auto,weighted,0.89,adaptive,0.162
782,28,0.8372,0.9405,0.8714,2.9244,500,51,289,11,0.0290,2,Alibaba-NLP/gte-reranker-modernbert-base,auto,rrf,0.45,adaptive,0.057
783,28,0.8292,0.8693,0.8661,2.8251,251,256,285,14,0.0372,9,Shattsur/nemotron-smeta-4bit-adapter,auto,rrf,0.13,fixed,0.084
784,29,0.8454,0.9370,0.8813,2.9392,500,116,257,24,0.0361,2,Shattsur/nemotron-smeta-4bit-adapter,auto,weighted,0.89,adaptive,0.099
785,29,0.8480,0.9237,0.8671,2.9103,334,120,72,24,0.2474,2,DiTy/cross-encoder-russian-msmarco,auto,weighted,0.16,fixed,0.130
786,29,0.8432,0.9008,0.8632,2.8738,12,205,196,26,0.1250,5,DiTy/cross-encoder-russian-msmarco,auto,weighted,0.88,fixed,0.130
787,29,0.8482,0.9426,0.8795,2.9468,91,184,245,11,0.1835,2,Shattsur/nemotron-smeta-4bit-adapter,auto,weighted,0.59,adaptive,0.139
788,29,0.8538,0.9405,0.8767,2.9468,164,124,78,14,0.0372,2,DiTy/cross-encoder-russian-msmarco,auto,weighted,0.88,fixed,0.159
789,29,0.8484,0.9201,0.8683,2.9076,243,114,281,47,0.0163,2,DiTy/cross-encoder-russian-msmarco,auto,rrf,0.16,fixed,0.239
790,29,0.8282,0.9042,0.8761,2.8770,238,169,80,21,0.0907,9,Shattsur/nemotron-smeta-4bit-adapter,auto,rrf,0.48,fixed,0.130
791,29,0.8522,0.9351,0.8776,2.9397,69,298,80,10,0.0163,2,DiTy/cross-encoder-russian-msmarco,auto,weighted,0.44,fixed,0.095
792,29,0.8382,0.9263,0.8780,2.9157,69,109,126,10,0.0163,2,Shattsur/nemotron-smeta-4bit-adapter,auto,weighted,0.24,adaptive,0.139
793,29,0.8339,0.9016,0.8669,2.8694,184,242,107,10,0.0716,8,Shattsur/nemotron-smeta-4bit-adapter,auto,weighted,0.59,fixed,0.243
794,29,0.8431,0.9368,0.8775,2.9326,468,169,262,11,0.0716,2,Shattsur/nemotron-smeta-4bit-adapter,auto,weighted,0.45,adaptive,0.078
795,29,0.8468,0.9443,0.8790,2.9469,169,131,67,11,0.0372,2,Shattsur/nemotron-smeta-4bit-adapter,auto,weighted,0.54,fixed,0.131
796,29,0.8236,0.9223,0.8777,2.8958,265,299,80,22,0.0615,3,Shattsur/nemotron-smeta-4bit-adapter,auto,weighted,0.21,fixed,0.050
797,29,0.8433,0.9528,0.8835,2.9585,450,56,245,24,0.1479,2,Shattsur/nemotron-smeta-4bit-adapter,auto,rrf,0.45,adaptive,0.130
798,29,0.8481,0.9436,0.8806,2.9491,500,169,281,11,0.1624,3,Shattsur/nemotron-smeta-4bit-adapter,auto,weighted,0.88,fixed,0.147
799,29,0.8442,0.9336,0.8840,2.9369,215,147,26,14,0.0372,2,Shattsur/nemotron-smeta-4bit-adapter,auto,rrf,0.39,fixed,0.177
800,29,0.8346,0.9370,0.8763,2.9229,301,177,79,16,0.0163,2,Alibaba-NLP/gte-reranker-modernbert-base,auto,rrf,0.88,adaptive,0.164
801,29,0.8440,0.9608,0.8859,2.9715,238,256,71,14,0.1306,2,Shattsur/nemotron-smeta-4bit-adapter,auto,rrf,0.89,fixed,0.057
802,29,0.8270,0.9314,0.8605,2.8913,91,237,212,10,0.0163,7,DiTy/cross-encoder-russian-msmarco,auto,weighted,0.31,fixed,0.139
803,29,0.8352,0.8905,0.8747,2.8659,450,116,212,10,0.1479,7,Shattsur/nemotron-smeta-4bit-adapter,auto,rrf,0.59,adaptive,0.102
804,29,0.8346,0.9345,0.8763,2.9199,215,147,184,39,0.1309,4,Shattsur/nemotron-smeta-4bit-adapter,auto,weighted,0.88,adaptive,0.107
805,29,0.8312,0.9371,0.8765,2.9199,370,169,281,10,0.0372,2,Shattsur/nemotron-smeta-4bit-adapter,auto,weighted,0.12,fixed,0.167
806,29,0.8432,0.9361,0.8683,2.9217,411,283,230,22,0.0477,2,DiTy/cross-encoder-russian-msmarco,auto,rrf,0.48,fixed,0.068
807,29,0.8440,0.9608,0.8859,2.9715,317,256,80,14,0.0372,2,Shattsur/nemotron-smeta-4bit-adapter,auto,rrf,0.78,fixed,0.130
808,29,0.8316,0.9413,0.8807,2.9298,450,296,245,39,0.1683,2,Shattsur/nemotron-smeta-4bit-adapter,auto,weighted,0.52,adaptive,0.147
809,29,0.8385,0.9413,0.8817,2.9379,450,247,67,43,0.0334,2,Shattsur/nemotron-smeta-4bit-adapter,auto,rrf,0.80,fixed,0.130
810,29,0.8260,0.9619,0.8789,2.9470,407,230,135,40,0.0163,2,Shattsur/nemotron-smeta-4bit-adapter,auto,weighted,0.29,fixed,0.050
811,29,0.8488,0.9356,0.8670,2.9252,131,99,230,10,0.1410,2,DiTy/cross-encoder-russian-msmarco,auto,rrf,0.59,adaptive,0.239
812,30,0.8272,0.9304,0.8727,2.9037,61,247,80,43,0.0372,2,Alibaba-NLP/gte-reranker-modernbert-base,auto,weighted,0.33,fixed,0.130
813,30,0.8488,0.9528,0.8795,2.9596,408,256,80,14,0.0372,2,Shattsur/nemotron-smeta-4bit-adapter,auto,weighted,0.89,fixed,0.130
814,30,0.8301,0.9323,0.8722,2.9084,16,169,198,10,0.1624,2,Alibaba-NLP/gte-reranker-modernbert-base,auto,rrf,0.88,adaptive,0.054
815,30,0.8462,0.8849,0.8690,2.8640,500,101,54,10,0.2221,6,DiTy/cross-encoder-russian-msmarco,auto,weighted,0.83,adaptive,0.239
816,30,0.7890,0.9109,0.8634,2.8318,450,116,300,39,0.0754,9,Shattsur/nemotron-smeta-4bit-adapter,auto,weighted,0.89,adaptive,0.177
817,30,0.8440,0.9608,0.8859,2.9715,117,271,80,14,0.0372,2,Shattsur/nemotron-smeta-4bit-adapter,auto,rrf,0.88,fixed,0.177
818,30,0.8505,0.9334,0.8784,2.9368,347,84,71,14,0.0591,2,DiTy/cross-encoder-russian-msmarco,auto,weighted,0.71,fixed,0.147
819,30,0.8428,0.9411,0.8831,2.9436,500,296,85,41,0.0816,2,Shattsur/nemotron-smeta-4bit-adapter,auto,rrf,0.88,fixed,0.179
820,30,0.8484,0.9208,0.8740,2.9147,468,169,80,14,0.0372,2,DiTy/cross-encoder-russian-msmarco,auto,weighted,0.44,fixed,0.239
821,30,0.8302,0.8999,0.8770,2.8748,158,237,281,11,0.0372,3,Alibaba-NLP/gte-reranker-modernbert-base,auto,rrf,0.88,fixed,0.177
822,30,0.8461,0.9528,0.8810,2.9586,69,205,222,39,0.2095,2,Shattsur/nemotron-smeta-4bit-adapter,auto,weighted,0.80,adaptive,0.165
823,30,0.8367,0.9091,0.8804,2.8960,184,70,85,14,0.0211,6,Shattsur/nemotron-smeta-4bit-adapter,auto,rrf,0.81,adaptive,0.151
824,30,0.8288,0.9183,0.8767,2.8951,500,256,281,22,0.1097,7,Shattsur/nemotron-smeta-4bit-adapter,auto,rrf,0.73,fixed,0.232
825,30,0.8393,0.9268,0.8686,2.9070,500,169,281,10,0.1624,5,DiTy/cross-encoder-russian-msmarco,auto,weighted,0.25,fixed,0.239
826,30,0.8371,0.8820,0.8661,2.8482,479,120,201,24,0.0973,5,DiTy/cross-encoder-russian-msmarco,auto,rrf,0.75,adaptive,0.130
827,30,0.8446,0.9542,0.8817,2.9596,61,247,264,43,0.0334,2,Shattsur/nemotron-smeta-4bit-adapter,auto,weighted,0.80,fixed,0.079
828,30,0.8422,0.9377,0.8800,2.9354,238,210,230,10,0.2365,2,Shattsur/nemotron-smeta-4bit-adapter,auto,weighted,0.44,adaptive,0.130
829,30,0.8461,0.9244,0.8767,2.9197,117,197,158,14,0.1624,3,Shattsur/nemotron-smeta-4bit-adapter,auto,weighted,0.88,fixed,0.164
830,30,0.8483,0.9451,0.8802,2.9507,432,114,281,14,0.0372,2,Shattsur/nemotron-smeta-4bit-adapter,auto,weighted,0.89,fixed,0.130
831,30,0.8490,0.9237,0.8652,2.9093,334,120,72,24,0.1537,2,DiTy/cross-encoder-russian-msmarco,auto,weighted,0.13,fixed,0.212
832,30,0.8134,0.9497,0.8773,2.9181,69,109,296,48,0.2095,2,Shattsur/nemotron-smeta-4bit-adapter,auto,weighted,0.21,adaptive,0.101
833,30,0.8426,0.9614,0.8867,2.9716,356,225,207,20,0.0716,2,Shattsur/nemotron-smeta-4bit-adapter,auto,rrf,0.45,adaptive,0.074
834,30,0.8470,0.9228,0.8663,2.9073,411,247,25,22,0.1808,2,DiTy/cross-encoder-russian-msmarco,auto,rrf,0.54,adaptive,0.130
835,30,0.8343,0.9253,0.8719,2.9037,102,219,281,10,0.1302,2,Alibaba-NLP/gte-reranker-modernbert-base,auto,rrf,0.76,fixed,0.192
836,30,0.8442,0.9336,0.8840,2.9369,347,147,26,14,0.0256,2,Shattsur/nemotron-smeta-4bit-adapter,auto,rrf,0.89,fixed,0.177
837,30,0.8449,0.9387,0.8664,2.9243,421,194,71,14,0.1306,4,DiTy/cross-encoder-russian-msmarco,auto,rrf,0.45,adaptive,0.227
838,30,0.8488,0.9528,0.8795,2.9596,33,289,207,14,0.0372,2,Shattsur/nemotron-smeta-4bit-adapter,auto,weighted,0.89,fixed,0.100
839,30,0.8538,0.9465,0.8771,2.9545,472,256,96,14,0.0372,2,DiTy/cross-encoder-russian-msmarco,auto,weighted,0.89,fixed,0.130
840,31,0.8354,0.9098,0.8702,2.8843,184,101,235,24,0.1013,2,Alibaba-NLP/gte-reranker-modernbert-base,auto,rrf,0.88,fixed,0.177
841,31,0.8371,0.9256,0.8692,2.9040,500,114,281,10,0.1624,10,DiTy/cross-encoder-russian-msmarco,auto,rrf,0.40,fixed,0.239
842,31,0.8360,0.9291,0.8747,2.9131,411,113,110,11,0.1325,5,Shattsur/nemotron-smeta-4bit-adapter,auto,rrf,0.89,fixed,0.147
843,31,0.8519,0.9192,0.8696,2.9115,61,230,230,10,0.0163,4,DiTy/cross-encoder-russian-msmarco,auto,weighted,0.80,fixed,0.239
844,31,0.8010,0.9348,0.8755,2.8858,347,238,66,14,0.0256,2,Shattsur/nemotron-smeta-4bit-adapter,auto,rrf,0.31,adaptive,0.177
845,31,0.8301,0.9236,0.8753,2.9012,69,228,296,39,0.1307,2,Alibaba-NLP/gte-reranker-modernbert-base,auto,rrf,0.29,adaptive,0.137
846,31,0.8454,0.9370,0.8813,2.9392,376,147,67,24,0.0372,2,Shattsur/nemotron-smeta-4bit-adapter,auto,weighted,0.88,fixed,0.243
847,31,0.8409,0.9195,0.8853,2.9182,459,255,226,14,0.0461,3,Shattsur/nemotron-smeta-4bit-adapter,auto,rrf,0.84,adaptive,0.130
848,31,0.7964,0.8944,0.8724,2.8293,238,135,44,31,0.1624,3,Shattsur/nemotron-smeta-4bit-adapter,auto,weighted,0.78,adaptive,0.177
849,31,0.8334,0.9127,0.8726,2.8885,315,225,219,20,0.0716,2,Alibaba-NLP/gte-reranker-modernbert-base,auto,rrf,0.25,adaptive,0.074
850,31,0.8302,0.9564,0.8814,2.9473,117,21,80,43,0.0334,2,Shattsur/nemotron-smeta-4bit-adapter,auto,rrf,0.80,fixed,0.177
851,31,0.7993,0.9050,0.8700,2.8422,169,205,222,39,0.2095,5,Shattsur/nemotron-smeta-4bit-adapter,auto,rrf,0.88,fixed,0.165
852,31,0.8398,0.9143,0.8648,2.8883,500,230,139,37,0.0163,6,DiTy/cross-encoder-russian-msmarco,auto,weighted,0.71,fixed,0.239
853,31,0.8350,0.9450,0.8679,2.9238,468,236,144,11,0.0224,4,Shattsur/nemotron-smeta-4bit-adapter,auto,weighted,0.45,adaptive,0.074
854,31,0.8384,0.9527,0.8805,2.9501,184,296,85,50,0.1234,2,Shattsur/nemotron-smeta-4bit-adapter,auto,rrf,0.59,adaptive,0.158
855,31,0.8322,0.9530,0.8818,2.9458,500,169,26,50,0.1624,2,Shattsur/nemotron-smeta-4bit-adapter,auto,rrf,0.44,fixed,0.239
856,31,0.8454,0.9370,0.8813,2.9392,117,110,79,18,0.2073,2,Shattsur/nemotron-smeta-4bit-adapter,auto,weighted,0.88,adaptive,0.051
857,31,0.8488,0.9289,0.8622,2.9120,500,120,127,24,0.1537,2,DiTy/cross-encoder-russian-msmarco,auto,rrf,0.76,fixed,0.239
858,31,0.8496,0.9531,0.8804,2.9617,10,194,99,12,0.0641,2,Shattsur/nemotron-smeta-4bit-adapter,auto,weighted,0.88,fixed,0.177
859,31,0.7575,0.8877,0.8610,2.7698,282,109,94,39,0.1073,2,Shattsur/nemotron-smeta-4bit-adapter,auto,weighted,0.40,adaptive,0.225
860,31,0.8461,0.9137,0.8648,2.8938,500,230,273,30,0.0859,2,DiTy/cross-encoder-russian-msmarco,auto,weighted,0.80,adaptive,0.101
861,31,0.8490,0.9502,0.8709,2.9473,156,225,96,10,0.0835,2,DiTy/cross-encoder-russian-msmarco,auto,rrf,0.35,fixed,0.239
862,31,0.8076,0.8986,0.8611,2.8330,44,63,274,17,0.2062,6,Shattsur/nemotron-smeta-4bit-adapter,auto,weighted,0.88,fixed,0.164
863,31,0.7682,0.9188,0.8540,2.8102,500,194,257,10,0.0163,2,Shattsur/nemotron-smeta-4bit-adapter,auto,weighted,0.45,adaptive,0.244
864,31,0.8341,0.9305,0.8734,2.9114,169,147,26,24,0.0716,2,Alibaba-NLP/gte-reranker-modernbert-base,auto,weighted,0.85,fixed,0.243
865,31,0.8304,0.9469,0.8796,2.9343,456,248,240,46,0.0538,2,Shattsur/nemotron-smeta-4bit-adapter,auto,weighted,0.33,fixed,0.130
866,31,0.8214,0.9289,0.8790,2.9030,151,119,124,32,0.2095,2,Shattsur/nemotron-smeta-4bit-adapter,auto,weighted,0.23,adaptive,0.130
867,31,0.8161,0.9420,0.8638,2.8966,349,225,58,11,0.0810,6,Shattsur/nemotron-smeta-4bit-adapter,auto,weighted,0.22,fixed,0.074
868,32,0.8408,0.9076,0.8634,2.8796,411,72,98,10,0.0163,6,DiTy/cross-encoder-russian-msmarco,auto,rrf,0.43,adaptive,0.239
869,32,0.8521,0.9359,0.8771,2.9401,500,230,155,14,0.0148,2,DiTy/cross-encoder-russian-msmarco,auto,weighted,0.86,fixed,0.120
870,32,0.8324,0.9033,0.8728,2.8764,31,205,62,39,0.2095,5,Shattsur/nemotron-smeta-4bit-adapter,auto,weighted,0.80,adaptive,0.165
871,32,0.8366,0.9049,0.8735,2.8833,475,109,226,14,0.0396,3,Alibaba-NLP/gte-reranker-modernbert-base,auto,weighted,0.80,adaptive,0.119
872,32,0.8362,0.9361,0.8737,2.9206,459,255,230,35,0.0163,2,Alibaba-NLP/gte-reranker-modernbert-base,auto,weighted,0.84,adaptive,0.234
873,32,0.7705,0.9128,0.8554,2.8068,500,21,80,10,0.0163,2,Shattsur/nemotron-smeta-4bit-adapter,auto,weighted,0.80,adaptive,0.239
874,32,0.8234,0.9222,0.8731,2.8906,238,101,155,14,0.0372,7,Alibaba-NLP/gte-reranker-modernbert-base,auto,rrf,0.71,fixed,0.130
875,32,0.8542,0.9391,0.8797,2.9488,184,169,48,10,0.0163,2,DiTy/cross-encoder-russian-msmarco,auto,weighted,0.44,adaptive,0.151
876,32,0.8306,0.9556,0.8803,2.9457,500,184,230,38,0.0372,2,Shattsur/nemotron-smeta-4bit-adapter,auto,weighted,0.39,fixed,0.215
877,32,0.8441,0.9601,0.8868,2.9718,110,146,243,17,0.0319,2,Shattsur/nemotron-smeta-4bit-adapter,auto,rrf,0.59,adaptive,0.151
878,32,0.8426,0.9361,0.8826,2.9368,117,21,80,24,0.0372,2,Shattsur/nemotron-smeta-4bit-adapter,auto,rrf,0.65,fixed,0.177
879,32,0.8484,0.9422,0.8800,2.9470,61,247,240,11,0.0334,2,Shattsur/nemotron-smeta-4bit-adapter,auto,weighted,0.80,fixed,0.130
880,32,0.8352,0.9518,0.8802,2.9456,376,187,26,19,0.0372,4,Shattsur/nemotron-smeta-4bit-adapter,auto,rrf,0.45,fixed,0.177
881,32,0.8025,0.9177,0.8696,2.8603,457,11,150,15,0.0372,2,Shattsur/nemotron-smeta-4bit-adapter,auto,rrf,0.39,adaptive,0.177
882,32,0.8328,0.9221,0.8706,2.8969,500,296,57,49,0.0554,2,Alibaba-NLP/gte-reranker-modernbert-base,auto,rrf,0.54,adaptive,0.239
883,32,0.8430,0.9619,0.8829,2.9685,117,63,79,18,0.2073,2,Shattsur/nemotron-smeta-4bit-adapter,auto,rrf,0.88,adaptive,0.164
884,32,0.8433,0.9604,0.8839,2.9681,192,225,207,10,0.1912,2,Shattsur/nemotron-smeta-4bit-adapter,auto,rrf,0.45,adaptive,0.151
885,32,0.8229,0.9154,0.8716,2.8800,500,230,230,40,0.1514,9,Shattsur/nemotron-smeta-4bit-adapter,auto,rrf,0.29,adaptive,0.060
886,32,0.7672,0.9090,0.8547,2.7981,334,225,257,20,0.0224,4,Shattsur/nemotron-smeta-4bit-adapter,auto,weighted,0.47,adaptive,0.244
887,32,0.8371,0.9443,0.8728,2.9303,117,21,80,14,0.0334,2,Alibaba-NLP/gte-reranker-modernbert-base,auto,rrf,0.80,fixed,0.177
888,32,0.8226,0.9105,0.8699,2.8720,482,230,139,30,0.0912,10,Alibaba-NLP/gte-reranker-modernbert-base,auto,weighted,0.81,fixed,0.220
889,32,0.8353,0.9260,0.8699,2.9034,472,115,96,12,0.1995,10,DiTy/cross-encoder-russian-msmarco,auto,weighted,0.45,fixed,0.130
890,32,0.8441,0.9379,0.8819,2.9396,376,147,26,24,0.0334,2,Shattsur/nemotron-smeta-4bit-adapter,auto,weighted,0.74,fixed,0.177
891,32,0.8338,0.9138,0.8739,2.8917,356,147,255,24,0.1018,2,Alibaba-NLP/gte-reranker-modernbert-base,auto,rrf,0.46,adaptive,0.177
892,32,0.8181,0.8577,0.8659,2.7999,69,147,296,39,0.2095,8,Shattsur/nemotron-smeta-4bit-adapter,auto,rrf,0.39,adaptive,0.101
893,32,0.8359,0.9247,0.8756,2.9087,321,147,26,17,0.1624,8,Shattsur/nemotron-smeta-4bit-adapter,auto,rrf,0.88,fixed,0.159
894,32,0.8437,0.9225,0.8661,2.9034,184,69,72,10,0.0163,4,DiTy/cross-encoder-russian-msmarco,auto,rrf,0.83,adaptive,0.151
895,32,0.8406,0.8957,0.8768,2.8799,361,51,72,10,0.0163,10,DiTy/cross-encoder-russian-msmarco,auto,weighted,0.82,adaptive,0.155
896,33,0.8394,0.9205,0.8836,2.9160,500,215,281,20,0.1144,3,Shattsur/nemotron-smeta-4bit-adapter,auto,rrf,0.88,adaptive,0.147
897,33,0.8215,0.9312,0.8788,2.9056,347,21,98,50,0.0211,2,Shattsur/nemotron-smeta-4bit-adapter,auto,weighted,0.81,adaptive,0.147
898,33,0.7919,0.8542,0.8709,2.7749,117,147,79,19,0.0372,7,Shattsur/nemotron-smeta-4bit-adapter,auto,rrf,0.39,adaptive,0.177
899,33,0.8294,0.9446,0.8818,2.9328,85,169,26,39,0.1521,3,Shattsur/nemotron-smeta-4bit-adapter,auto,rrf,0.88,fixed,0.147
900,33,0.8471,0.9519,0.8803,2.9577,369,247,80,41,0.0372,2,Shattsur/nemotron-smeta-4bit-adapter,auto,weighted,0.88,fixed,0.165
901,33,0.8288,0.9357,0.8725,2.9113,411,120,109,24,0.1537,7,Shattsur/nemotron-smeta-4bit-adapter,auto,rrf,0.13,adaptive,0.074
902,33,0.8417,0.9532,0.8814,2.9550,170,225,207,43,0.0641,2,Shattsur/nemotron-smeta-4bit-adapter,auto,rrf,0.88,fixed,0.205
903,33,0.8507,0.9234,0.8653,2.9106,426,62,281,27,0.0372,2,DiTy/cross-encoder-russian-msmarco,auto,rrf,0.89,fixed,0.130
904,33,0.8365,0.9339,0.8732,2.9177,113,72,72,10,0.0615,2,Alibaba-NLP/gte-reranker-modernbert-base,auto,rrf,0.68,adaptive,0.151
905,33,0.8422,0.9336,0.8678,2.9171,466,163,99,12,0.0641,2,Alibaba-NLP/gte-reranker-modernbert-base,auto,weighted,0.89,fixed,0.177
906,33,0.8366,0.9344,0.8719,2.9170,184,169,45,10,0.0792,2,Alibaba-NLP/gte-reranker-modernbert-base,auto,weighted,0.44,adaptive,0.151
907,33,0.8337,0.8979,0.8840,2.8835,110,146,243,17,0.0319,7,Shattsur/nemotron-smeta-4bit-adapter,auto,rrf,0.59,adaptive,0.151
908,33,0.7744,0.9033,0.8618,2.8064,117,114,281,49,0.1833,10,Shattsur/nemotron-smeta-4bit-adapter,auto,rrf,0.35,fixed,0.088
909,33,0.8422,0.9407,0.8808,2.9399,337,247,98,35,0.0211,2,Shattsur/nemotron-smeta-4bit-adapter,auto,weighted,0.52,fixed,0.130
910,33,0.8260,0.9238,0.8734,2.8953,356,225,207,14,0.0372,5,Alibaba-NLP/gte-reranker-modernbert-base,auto,rrf,0.89,adaptive,0.130
911,33,0.8384,0.9122,0.8755,2.8960,224,147,90,10,0.1418,5,Shattsur/nemotron-smeta-4bit-adapter,auto,rrf,0.35,fixed,0.239
912,33,0.8438,0.9601,0.8866,2.9712,500,146,224,17,0.0319,2,Shattsur/nemotron-smeta-4bit-adapter,auto,rrf,0.84,fixed,0.151
913,33,0.8447,0.9477,0.8798,2.9497,15,170,26,40,0.1238,2,Shattsur/nemotron-smeta-4bit-adapter,auto,weighted,0.71,fixed,0.130
914,33,0.8027,0.9333,0.8629,2.8718,117,296,79,14,0.2073,9,Shattsur/nemotron-smeta-4bit-adapter,auto,rrf,0.50,fixed,0.151
915,33,0.8486,0.9294,0.8763,2.9277,184,169,233,14,0.0202,2,DiTy/cross-encoder-russian-msmarco,auto,weighted,0.56,adaptive,0.130
916,33,0.8450,0.9626,0.8835,2.9719,184,63,72,14,0.0139,2,Shattsur/nemotron-smeta-4bit-adapter,auto,rrf,0.83,adaptive,0.151
917,33,0.8326,0.9318,0.8742,2.9123,117,72,25,44,0.0339,2,Alibaba-NLP/gte-reranker-modernbert-base,auto,rrf,0.13,adaptive,0.164
918,33,0.8486,0.9294,0.8763,2.9277,230,230,96,14,0.1110,2,DiTy/cross-encoder-russian-msmarco,auto,weighted,0.56,fixed,0.164
919,33,0.8465,0.9390,0.8818,2.9432,238,106,101,14,0.0372,2,Shattsur/nemotron-smeta-4bit-adapter,auto,weighted,0.78,adaptive,0.130
920,33,0.8459,0.9345,0.8777,2.9327,58,194,257,12,0.0224,2,Shattsur/nemotron-smeta-4bit-adapter,auto,weighted,0.45,fixed,0.244
921,33,0.8355,0.8677,0.8656,2.8288,468,230,280,11,0.0163,7,DiTy/cross-encoder-russian-msmarco,auto,rrf,0.60,fixed,0.074
922,33,0.8399,0.9017,0.8653,2.8738,468,109,296,39,0.2095,6,DiTy/cross-encoder-russian-msmarco,auto,weighted,0.83,adaptive,0.172
923,33,0.8364,0.9030,0.8678,2.8746,110,169,82,17,0.0319,5,DiTy/cross-encoder-russian-msmarco,auto,rrf,0.44,fixed,0.239
924,34,0.8461,0.9463,0.8791,2.9487,10,205,222,39,0.0641,2,Shattsur/nemotron-smeta-4bit-adapter,auto,rrf,0.88,adaptive,0.165
925,34,0.8246,0.9045,0.8673,2.8640,17,63,290,14,0.0372,5,Alibaba-NLP/gte-reranker-modernbert-base,auto,rrf,0.88,adaptive,0.237
926,34,0.8300,0.9016,0.8733,2.8727,10,194,230,33,0.0359,7,Shattsur/nemotron-smeta-4bit-adapter,auto,rrf,0.44,fixed,0.239
927,34,0.8479,0.9285,0.8637,2.9121,334,266,72,24,0.1537,2,DiTy/cross-encoder-russian-msmarco,auto,rrf,0.26,adaptive,0.130
928,34,0.8433,0.9604,0.8852,2.9694,500,146,274,11,0.1624,2,Shattsur/nemotron-smeta-4bit-adapter,auto,rrf,0.59,fixed,0.151
929,34,0.8479,0.9205,0.8664,2.9055,157,147,63,41,0.1212,2,DiTy/cross-encoder-russian-msmarco,auto,weighted,0.39,adaptive,0.177
930,34,0.8237,0.9172,0.8670,2.8780,334,271,80,29,0.0412,10,Shattsur/nemotron-smeta-4bit-adapter,auto,rrf,0.72,fixed,0.177
931,34,0.8436,0.9285,0.8604,2.9043,218,174,96,14,0.0163,2,DiTy/cross-encoder-russian-msmarco,auto,rrf,0.44,adaptive,0.130
932,34,0.8434,0.9417,0.8735,2.9342,184,16,98,10,0.0134,2,Alibaba-NLP/gte-reranker-modernbert-base,auto,rrf,0.81,adaptive,0.147
933,34,0.8008,0.9227,0.8665,2.8613,468,194,99,11,0.0716,2,Shattsur/nemotron-smeta-4bit-adapter,auto,weighted,0.45,adaptive,0.177
934,34,0.8461,0.9137,0.8648,2.8938,75,282,96,39,0.2095,2,DiTy/cross-encoder-russian-msmarco,auto,weighted,0.64,fixed,0.165
935,34,0.8443,0.9608,0.8861,2.9720,188,225,207,14,0.0139,2,Shattsur/nemotron-smeta-4bit-adapter,auto,rrf,0.45,adaptive,0.151
936,34,0.8326,0.9205,0.8732,2.8977,479,271,80,14,0.0372,2,Alibaba-NLP/gte-reranker-modernbert-base,auto,rrf,0.71,fixed,0.177
937,34,0.8441,0.9509,0.8713,2.9436,41,114,122,14,0.0372,4,DiTy/cross-encoder-russian-msmarco,auto,rrf,0.34,adaptive,0.247
938,34,0.8331,0.8887,0.8686,2.8550,500,114,197,10,0.0163,8,Shattsur/nemotron-smeta-4bit-adapter,auto,rrf,0.74,fixed,0.239
939,34,0.8458,0.9115,0.8633,2.8892,500,136,48,45,0.0163,2,DiTy/cross-encoder-russian-msmarco,auto,weighted,0.84,adaptive,0.129
940,34,0.8478,0.9265,0.8668,2.9131,117,256,80,34,0.0372,2,DiTy/cross-encoder-russian-msmarco,auto,weighted,0.48,fixed,0.130
941,34,0.8383,0.9161,0.8831,2.9090,92,113,281,14,0.0256,3,Shattsur/nemotron-smeta-4bit-adapter,auto,rrf,0.89,fixed,0.167
942,34,0.8439,0.9348,0.8844,2.9385,444,147,26,17,0.0422,2,Shattsur/nemotron-smeta-4bit-adapter,auto,rrf,0.89,fixed,0.177
943,34,0.8185,0.9140,0.8728,2.8754,69,183,98,39,0.0211,7,Shattsur/nemotron-smeta-4bit-adapter,auto,weighted,0.44,adaptive,0.101
944,34,0.8420,0.9215,0.8658,2.9001,117,271,214,14,0.0163,2,DiTy/cross-encoder-russian-msmarco,auto,rrf,0.43,fixed,0.177
945,34,0.8039,0.9179,0.8713,2.8637,479,156,12,14,0.1745,2,Shattsur/nemotron-smeta-4bit-adapter,auto,weighted,0.71,fixed,0.124
946,34,0.8457,0.9164,0.8693,2.9016,490,132,281,24,0.1624,3,DiTy/cross-encoder-russian-msmarco,auto,weighted,0.79,adaptive,0.141
947,34,0.8274,0.9044,0.8725,2.8725,117,148,207,20,0.0996,10,Shattsur/nemotron-smeta-4bit-adapter,auto,rrf,0.66,fixed,0.074
948,34,0.8044,0.9300,0.8719,2.8795,347,63,98,13,0.2073,2,Shattsur/nemotron-smeta-4bit-adapter,auto,rrf,0.16,fixed,0.164
949,34,0.8438,0.9603,0.8870,2.9719,279,131,280,14,0.0716,2,Shattsur/nemotron-smeta-4bit-adapter,auto,rrf,0.89,fixed,0.074
950,34,0.8427,0.9419,0.8844,2.9458,356,109,250,32,0.0716,2,Shattsur/nemotron-smeta-4bit-adapter,auto,rrf,0.45,adaptive,0.153
951,34,0.8454,0.9370,0.8813,2.9392,117,94,79,29,0.2073,2,Shattsur/nemotron-smeta-4bit-adapter,auto,weighted,0.88,adaptive,0.130
952,35,0.8422,0.9377,0.8800,2.9354,69,169,236,10,0.2095,2,Shattsur/nemotron-smeta-4bit-adapter,auto,weighted,0.37,adaptive,0.151
953,35,0.8415,0.9413,0.8872,2.9469,500,297,281,29,0.0163,2,Shattsur/nemotron-smeta-4bit-adapter,auto,rrf,0.35,fixed,0.130
954,35,0.8193,0.9293,0.8782,2.9005,117,63,79,39,0.2095,2,Shattsur/nemotron-smeta-4bit-adapter,auto,weighted,0.24,adaptive,0.164
955,35,0.8305,0.9177,0.8810,2.9008,117,269,257,18,0.0224,6,Shattsur/nemotron-smeta-4bit-adapter,auto,weighted,0.45,adaptive,0.060
956,35,0.8478,0.9265,0.8668,2.9131,69,194,222,39,0.0287,2,DiTy/cross-encoder-russian-msmarco,auto,weighted,0.45,fixed,0.244
957,35,0.8470,0.9228,0.8663,2.9073,468,63,280,24,0.1306,2,DiTy/cross-encoder-russian-msmarco,auto,weighted,0.45,adaptive,0.136
958,35,0.8431,0.9609,0.8839,2.9684,356,225,207,11,0.0163,2,Shattsur/nemotron-smeta-4bit-adapter,auto,rrf,0.71,adaptive,0.074
959,35,0.8391,0.9558,0.8728,2.9460,448,135,165,14,0.0372,6,Alibaba-NLP/gte-reranker-modernbert-base,auto,weighted,0.89,adaptive,0.152
960,35,0.8468,0.9413,0.8819,2.9465,238,141,99,14,0.0641,2,Shattsur/nemotron-smeta-4bit-adapter,auto,weighted,0.78,adaptive,0.130
961,35,0.8438,0.9603,0.8870,2.9719,184,146,51,14,0.0139,2,Shattsur/nemotron-smeta-4bit-adapter,auto,rrf,0.84,fixed,0.166
962,35,0.8440,0.9606,0.8855,2.9708,148,225,207,21,0.0716,2,Shattsur/nemotron-smeta-4bit-adapter,auto,rrf,0.45,adaptive,0.131
963,35,0.8465,0.9390,0.8818,2.9432,500,106,101,14,0.0139,2,Shattsur/nemotron-smeta-4bit-adapter,auto,weighted,0.78,fixed,0.130
964,35,0.8449,0.9328,0.8825,2.9351,188,106,101,14,0.0429,2,Shattsur/nemotron-smeta-4bit-adapter,auto,weighted,0.45,adaptive,0.102
965,35,0.8434,0.9609,0.8841,2.9690,500,169,102,11,0.1624,2,Shattsur/nemotron-smeta-4bit-adapter,auto,rrf,0.88,fixed,0.164
966,35,0.8449,0.9328,0.8825,2.9351,500,35,230,14,0.0793,2,Shattsur/nemotron-smeta-4bit-adapter,auto,weighted,0.44,fixed,0.239
967,35,0.8363,0.9230,0.8721,2.9033,174,176,72,47,0.1306,2,Alibaba-NLP/gte-reranker-modernbert-base,auto,rrf,0.87,adaptive,0.057
968,35,0.8292,0.9223,0.8705,2.8936,273,230,155,10,0.0681,6,Shattsur/nemotron-smeta-4bit-adapter,auto,weighted,0.53,fixed,0.130
969,35,0.7691,0.9113,0.8589,2.8074,279,165,128,16,0.2445,2,Shattsur/nemotron-smeta-4bit-adapter,auto,weighted,0.80,fixed,0.101
970,35,0.8459,0.9362,0.8802,2.9375,347,169,185,19,0.0211,2,Shattsur/nemotron-smeta-4bit-adapter,auto,weighted,0.88,fixed,0.159
971,35,0.8440,0.9606,0.8855,2.9708,500,212,224,17,0.1312,2,Shattsur/nemotron-smeta-4bit-adapter,auto,rrf,0.84,fixed,0.151
972,35,0.8047,0.9100,0.8628,2.8458,496,187,72,10,0.0163,5,Shattsur/nemotron-smeta-4bit-adapter,auto,rrf,0.44,adaptive,0.206
973,35,0.8430,0.9604,0.8837,2.9676,356,225,150,10,0.0716,2,Shattsur/nemotron-smeta-4bit-adapter,auto,rrf,0.45,adaptive,0.118
974,35,0.8439,0.9542,0.8827,2.9599,407,63,79,10,0.0600,2,Shattsur/nemotron-smeta-4bit-adapter,auto,rrf,0.88,adaptive,0.151
975,35,0.8440,0.9597,0.8836,2.9676,411,156,85,10,0.0716,2,Shattsur/nemotron-smeta-4bit-adapter,auto,rrf,0.29,fixed,0.180
976,35,0.8347,0.9240,0.8755,2.9065,279,131,158,14,0.0716,6,DiTy/cross-encoder-russian-msmarco,auto,rrf,0.89,fixed,0.074
977,35,0.8463,0.9245,0.8704,2.9130,500,63,230,45,0.2073,3,DiTy/cross-encoder-russian-msmarco,auto,rrf,0.44,adaptive,0.164
978,35,0.8429,0.9614,0.8869,2.9721,356,175,207,20,0.2177,2,Shattsur/nemotron-smeta-4bit-adapter,auto,rrf,0.45,adaptive,0.151
979,35,0.7909,0.9135,0.8697,2.8438,296,271,218,25,0.0372,2,Shattsur/nemotron-smeta-4bit-adapter,auto,weighted,0.30,adaptive,0.177
980,36,0.7645,0.9070,0.8606,2.7995,69,109,296,49,0.2095,2,Shattsur/nemotron-smeta-4bit-adapter,auto,weighted,0.80,adaptive,0.229
981,36,0.8496,0.9427,0.8683,2.9359,500,291,230,10,0.1136,3,DiTy/cross-encoder-russian-msmarco,auto,weighted,0.36,fixed,0.239
982,36,0.7989,0.9294,0.8752,2.8770,279,131,280,31,0.1735,2,Shattsur/nemotron-smeta-4bit-adapter,auto,rrf,0.89,fixed,0.105
983,36,0.8482,0.9282,0.8656,2.9141,500,169,72,40,0.1306,2,DiTy/cross-encoder-russian-msmarco,auto,rrf,0.88,fixed,0.113
984,36,0.8418,0.9522,0.8850,2.9579,411,72,230,30,0.0615,2,Shattsur/nemotron-smeta-4bit-adapter,auto,rrf,0.35,fixed,0.245
985,36,0.8066,0.9409,0.8684,2.8909,211,139,177,10,0.0163,2,Shattsur/nemotron-smeta-4bit-adapter,auto,weighted,0.44,adaptive,0.193
986,36,0.8453,0.9479,0.8803,2.9511,308,35,80,37,0.0372,2,Shattsur/nemotron-smeta-4bit-adapter,auto,weighted,0.80,fixed,0.169
987,36,0.8478,0.9383,0.8779,2.9394,500,141,225,10,0.0567,2,Shattsur/nemotron-smeta-4bit-adapter,auto,weighted,0.78,fixed,0.142
988,36,0.8488,0.9491,0.8814,2.9572,116,48,99,12,0.0641,2,Shattsur/nemotron-smeta-4bit-adapter,auto,weighted,0.88,fixed,0.177
989,36,0.8419,0.9059,0.8795,2.8964,478,72,31,22,0.1624,3,Shattsur/nemotron-smeta-4bit-adapter,auto,weighted,0.88,fixed,0.147
990,36,0.8333,0.9306,0.8826,2.9209,479,230,111,14,0.0163,7,Shattsur/nemotron-smeta-4bit-adapter,auto,rrf,0.71,adaptive,0.130
991,36,0.8474,0.9165,0.8742,2.9088,479,230,155,14,0.0163,3,DiTy/cross-encoder-russian-msmarco,auto,weighted,0.44,adaptive,0.245
992,36,0.8425,0.9604,0.8828,2.9660,69,296,287,10,0.2010,2,Shattsur/nemotron-smeta-4bit-adapter,auto,rrf,0.80,adaptive,0.151
993,36,0.8470,0.9228,0.8663,2.9073,128,230,29,22,0.0163,2,DiTy/cross-encoder-russian-msmarco,auto,rrf,0.44,adaptive,0.239
994,36,0.8275,0.8928,0.8752,2.8615,140,157,236,20,0.2153,9,Shattsur/nemotron-smeta-4bit-adapter,auto,rrf,0.45,adaptive,0.113
995,36,0.8311,0.9420,0.8818,2.9315,356,27,207,38,0.0163,2,Shattsur/nemotron-smeta-4bit-adapter,auto,weighted,0.45,fixed,0.239
996,36,0.8367,0.9423,0.8819,2.9375,350,232,207,17,0.0319,4,Shattsur/nemotron-smeta-4bit-adapter,auto,rrf,0.68,adaptive,0.151
997,36,0.8353,0.9349,0.8752,2.9199,350,169,281,50,0.1624,4,Shattsur/nemotron-smeta-4bit-adapter,auto,weighted,0.83,fixed,0.081
998,36,0.8428,0.9328,0.8672,2.9161,334,228,257,33,0.0224,4,DiTy/cross-encoder-russian-msmarco,auto,weighted,0.45,fixed,0.244
999,36,0.8425,0.9449,0.8875,2.9527,294,72,85,22,0.0163,2,Shattsur/nemotron-smeta-4bit-adapter,auto,rrf,0.59,adaptive,0.050
1000,36,0.8492,0.9198,0.8743,2.9147,69,225,193,14,0.1321,2,DiTy/cross-encoder-russian-msmarco,auto,weighted,0.45,adaptive,0.165
1001,36,0.8481,0.9022,0.8685,2.8860,334,194,230,10,0.0224,4,DiTy/cross-encoder-russian-msmarco,auto,weighted,0.44,fixed,0.244
1002,36,0.8426,0.9617,0.8842,2.9693,500,114,281,10,0.0615,2,Shattsur/nemotron-smeta-4bit-adapter,auto,rrf,0.35,fixed,0.192
1003,36,0.8358,0.9286,0.8741,2.9116,117,175,207,20,0.2177,2,Alibaba-NLP/gte-reranker-modernbert-base,auto,rrf,0.71,adaptive,0.151
1004,36,0.8351,0.9420,0.8791,2.9325,65,197,252,14,0.0139,7,Shattsur/nemotron-smeta-4bit-adapter,auto,rrf,0.13,adaptive,0.151
1005,36,0.8476,0.9262,0.8644,2.9099,323,33,80,14,0.1116,2,DiTy/cross-encoder-russian-msmarco,auto,rrf,0.88,fixed,0.177
1006,36,0.8497,0.9105,0.8661,2.8950,153,169,48,14,0.1386,3,DiTy/cross-encoder-russian-msmarco,auto,weighted,0.89,adaptive,0.151
1007,36,0.8435,0.9605,0.8825,2.9668,61,194,99,12,0.0642,2,Shattsur/nemotron-smeta-4bit-adapter,auto,rrf,0.83,adaptive,0.151
1008,37,0.8425,0.9449,0.8875,2.9527,500,72,98,22,0.0407,2,Shattsur/nemotron-smeta-4bit-adapter,auto,rrf,0.80,adaptive,0.050
1009,37,0.8105,0.9270,0.8724,2.8825,184,146,51,31,0.1195,4,Shattsur/nemotron-smeta-4bit-adapter,auto,weighted,0.19,fixed,0.244
1010,37,0.8084,0.9206,0.8678,2.8676,500,296,199,45,0.0163,9,Shattsur/nemotron-smeta-4bit-adapter,auto,weighted,0.41,adaptive,0.151
1011,37,0.8429,0.9363,0.8786,2.9330,184,146,284,11,0.0716,2,Shattsur/nemotron-smeta-4bit-adapter,auto,weighted,0.45,adaptive,0.074
1012,37,0.8461,0.9348,0.8824,2.9385,358,63,72,14,0.0139,2,Shattsur/nemotron-smeta-4bit-adapter,auto,weighted,0.83,adaptive,0.151
1013,37,0.8538,0.9405,0.8767,2.9468,472,109,96,14,0.0139,2,DiTy/cross-encoder-russian-msmarco,auto,weighted,0.90,fixed,0.103
1014,37,0.8367,0.9194,0.8644,2.8909,334,91,296,39,0.2330,2,Alibaba-NLP/gte-reranker-modernbert-base,auto,rrf,0.80,adaptive,0.245
1015,37,0.8422,0.9377,0.8800,2.9354,489,169,48,10,0.0210,2,Shattsur/nemotron-smeta-4bit-adapter,auto,weighted,0.44,adaptive,0.101
1016,37,0.8506,0.9395,0.8730,2.9383,73,230,230,10,0.1537,2,DiTy/cross-encoder-russian-msmarco,auto,weighted,0.13,adaptive,0.232
1017,37,0.8350,0.9229,0.8808,2.9114,225,146,21,14,0.0139,5,Shattsur/nemotron-smeta-4bit-adapter,auto,rrf,0.84,adaptive,0.166
1018,37,0.7907,0.8956,0.8650,2.8169,240,72,98,22,0.0407,10,Shattsur/nemotron-smeta-4bit-adapter,auto,rrf,0.80,adaptive,0.178
1019,37,0.8542,0.9391,0.8797,2.9488,163,169,48,10,0.1337,2,DiTy/cross-encoder-russian-msmarco,auto,weighted,0.39,adaptive,0.151
1020,37,0.7909,0.8853,0.8673,2.8072,500,149,80,24,0.1722,7,Shattsur/nemotron-smeta-4bit-adapter,auto,rrf,0.88,fixed,0.164
1021,37,0.8454,0.9370,0.8813,2.9392,10,72,218,20,0.0823,2,Shattsur/nemotron-smeta-4bit-adapter,auto,weighted,0.88,adaptive,0.058
1022,37,0.8335,0.9524,0.8818,2.9463,110,183,263,46,0.0163,2,Shattsur/nemotron-smeta-4bit-adapter,auto,rrf,0.44,adaptive,0.151
1023,37,0.8378,0.9464,0.8721,2.9328,10,140,102,11,0.1624,2,Alibaba-NLP/gte-reranker-modernbert-base,auto,rrf,0.88,adaptive,0.225
1024,37,0.8466,0.9463,0.8794,2.9495,129,131,280,32,0.0522,2,Shattsur/nemotron-smeta-4bit-adapter,auto,weighted,0.89,fixed,0.138
1025,37,0.8371,0.8950,0.8622,2.8596,184,169,109,10,0.0163,6,DiTy/cross-encoder-russian-msmarco,auto,weighted,0.44,fixed,0.177
1026,37,0.8438,0.9601,0.8866,2.9712,101,146,64,17,0.0139,2,Shattsur/nemotron-smeta-4bit-adapter,auto,rrf,0.84,fixed,0.061
1027,37,0.8397,0.9202,0.8703,2.9012,117,271,181,11,0.1624,9,Shattsur/nemotron-smeta-4bit-adapter,auto,rrf,0.11,fixed,0.164
1028,37,0.8503,0.9299,0.8766,2.9304,34,230,176,10,0.2058,2,DiTy/cross-encoder-russian-msmarco,auto,weighted,0.58,adaptive,0.105
1029,37,0.8413,0.9308,0.8822,2.9287,23,72,98,22,0.0615,2,Shattsur/nemotron-smeta-4bit-adapter,auto,rrf,0.56,fixed,0.050
1030,37,0.8008,0.9344,0.8766,2.8863,374,131,280,14,0.0641,2,Shattsur/nemotron-smeta-4bit-adapter,auto,rrf,0.89,adaptive,0.185
1031,37,0.8444,0.9379,0.8821,2.9401,117,69,80,24,0.1537,2,Shattsur/nemotron-smeta-4bit-adapter,auto,weighted,0.64,fixed,0.130
1032,37,0.7796,0.8928,0.8649,2.8024,294,259,257,49,0.0224,4,Shattsur/nemotron-smeta-4bit-adapter,auto,rrf,0.45,adaptive,0.176
1033,37,0.8378,0.9195,0.8606,2.8879,116,63,40,43,0.0641,7,DiTy/cross-encoder-russian-msmarco,auto,weighted,0.70,fixed,0.177
1034,37,0.8525,0.9316,0.8765,2.9345,500,230,257,12,0.0163,2,DiTy/cross-encoder-russian-msmarco,auto,weighted,0.44,adaptive,0.244
1035,37,0.8473,0.9356,0.8737,2.9311,184,101,257,10,0.0642,2,DiTy/cross-encoder-russian-msmarco,auto,rrf,0.87,fixed,0.177
1036,38,0.8379,0.9217,0.8649,2.8952,184,169,48,11,0.0132,7,DiTy/cross-encoder-russian-msmarco,auto,weighted,0.44,adaptive,0.151
1037,38,0.8027,0.9218,0.8725,2.8685,96,194,257,17,0.0627,6,Shattsur/nemotron-smeta-4bit-adapter,auto,rrf,0.22,adaptive,0.202
1038,38,0.8340,0.9128,0.8751,2.8920,163,296,85,10,0.1337,6,Shattsur/nemotron-smeta-4bit-adapter,auto,rrf,0.83,adaptive,0.079
1039,38,0.8438,0.9603,0.8870,2.9719,238,141,197,14,0.0139,2,Shattsur/nemotron-smeta-4bit-adapter,auto,rrf,0.84,fixed,0.061
1040,38,0.8118,0.9387,0.8712,2.8965,184,208,72,14,0.1505,2,Shattsur/nemotron-smeta-4bit-adapter,auto,weighted,0.83,adaptive,0.201
1041,38,0.8225,0.8951,0.8712,2.8549,184,101,100,39,0.1148,5,Shattsur/nemotron-smeta-4bit-adapter,auto,rrf,0.34,fixed,0.101
1042,38,0.8441,0.9379,0.8819,2.9396,358,113,72,33,0.0668,2,Shattsur/nemotron-smeta-4bit-adapter,auto,weighted,0.83,fixed,0.177
1043,38,0.8069,0.9000,0.8633,2.8365,358,63,72,10,0.0163,10,Shattsur/nemotron-smeta-4bit-adapter,auto,weighted,0.18,fixed,0.151
1044,38,0.7696,0.9174,0.8454,2.8005,332,273,243,16,0.2422,2,Shattsur/nemotron-smeta-4bit-adapter,auto,weighted,0.25,fixed,0.151
1045,38,0.8423,0.9311,0.8786,2.9261,159,37,51,14,0.0641,5,Shattsur/nemotron-smeta-4bit-adapter,auto,weighted,0.88,fixed,0.177
1046,38,0.8423,0.9456,0.8831,2.9484,57,72,58,10,0.0615,2,Shattsur/nemotron-smeta-4bit-adapter,auto,rrf,0.29,fixed,0.151
1047,38,0.7904,0.8992,0.8646,2.8206,468,113,200,22,0.1366,8,Shattsur/nemotron-smeta-4bit-adapter,auto,rrf,0.45,adaptive,0.187
1048,38,0.8440,0.9597,0.8836,2.9676,184,192,72,10,0.0702,2,Shattsur/nemotron-smeta-4bit-adapter,auto,rrf,0.83,adaptive,0.151
1049,38,0.8437,0.9330,0.8684,2.9186,29,142,72,10,0.2233,2,Alibaba-NLP/gte-reranker-modernbert-base,auto,weighted,0.88,fixed,0.151
1050,38,0.8441,0.9606,0.8834,2.9684,500,206,99,12,0.0641,2,Shattsur/nemotron-smeta-4bit-adapter,auto,rrf,0.88,fixed,0.247
1051,38,0.7695,0.9136,0.8590,2.8107,279,209,72,14,0.0139,2,Shattsur/nemotron-smeta-4bit-adapter,auto,weighted,0.83,adaptive,0.232
1052,38,0.8505,0.9334,0.8784,2.9368,197,193,99,14,0.0641,2,DiTy/cross-encoder-russian-msmarco,auto,weighted,0.78,adaptive,0.238
1053,38,0.8287,0.9396,0.8681,2.9112,358,72,98,17,0.0407,9,Shattsur/nemotron-smeta-4bit-adapter,auto,rrf,0.31,adaptive,0.050
1054,38,0.8427,0.9608,0.8859,2.9701,358,275,80,14,0.0372,2,Shattsur/nemotron-smeta-4bit-adapter,auto,rrf,0.88,fixed,0.177
1055,38,0.8411,0.9305,0.8790,2.9246,163,169,51,14,0.1337,7,Shattsur/nemotron-smeta-4bit-adapter,auto,weighted,0.84,adaptive,0.151
1056,38,0.8431,0.9609,0.8839,2.9684,468,219,280,11,0.0680,2,Shattsur/nemotron-smeta-4bit-adapter,auto,rrf,0.40,fixed,0.175
1057,38,0.8037,0.9294,0.8637,2.8691,184,52,85,10,0.2066,4,Shattsur/nemotron-smeta-4bit-adapter,auto,rrf,0.59,fixed,0.151
1058,38,0.8440,0.9608,0.8859,2.9715,116,183,99,14,0.0091,2,Shattsur/nemotron-smeta-4bit-adapter,auto,rrf,0.76,fixed,0.250
1059,38,0.7908,0.8898,0.8685,2.8139,101,71,64,24,0.0139,4,Shattsur/nemotron-smeta-4bit-adapter,auto,rrf,0.45,adaptive,0.183
1060,38,0.8420,0.9083,0.8592,2.8771,334,290,51,12,0.2294,6,DiTy/cross-encoder-russian-msmarco,auto,rrf,0.84,fixed,0.244
1061,38,0.8385,0.9413,0.8817,2.9379,500,294,80,49,0.0451,2,Shattsur/nemotron-smeta-4bit-adapter,auto,rrf,0.32,fixed,0.050
1062,38,0.8343,0.9337,0.8724,2.9144,410,83,120,12,0.0641,2,Shattsur/nemotron-smeta-4bit-adapter,auto,weighted,0.17,adaptive,0.118
1063,38,0.8355,0.9191,0.8839,2.9108,184,295,193,27,0.0163,3,Shattsur/nemotron-smeta-4bit-adapter,auto,rrf,0.16,adaptive,0.061
1064,39,0.8444,0.9379,0.8821,2.9401,500,45,98,39,0.1473,2,Shattsur/nemotron-smeta-4bit-adapter,auto,weighted,0.69,adaptive,0.165
1065,39,0.8312,0.9275,0.8802,2.9124,356,101,207,20,0.0476,2,Shattsur/nemotron-smeta-4bit-adapter,auto,weighted,0.16,adaptive,0.122
1066,39,0.8443,0.9603,0.8839,2.9689,500,51,165,22,0.1306,2,Shattsur/nemotron-smeta-4bit-adapter,auto,rrf,0.45,adaptive,0.050
1067,39,0.8317,0.8782,0.8633,2.8352,163,169,197,14,0.1509,9,DiTy/cross-encoder-russian-msmarco,auto,weighted,0.39,adaptive,0.151
1068,39,0.8426,0.9342,0.8793,2.9309,468,193,131,15,0.0279,2,Shattsur/nemotron-smeta-4bit-adapter,auto,weighted,0.45,fixed,0.074
1069,39,0.8122,0.9402,0.8650,2.8919,18,264,78,11,0.0568,2,Shattsur/nemotron-smeta-4bit-adapter,auto,weighted,0.78,adaptive,0.223
1070,39,0.8314,0.9379,0.8708,2.9146,116,48,128,41,0.0402,2,Alibaba-NLP/gte-reranker-modernbert-base,auto,weighted,0.46,fixed,0.177
1071,39,0.8502,0.9481,0.8708,2.9458,500,114,160,10,0.0163,2,DiTy/cross-encoder-russian-msmarco,auto,rrf,0.69,fixed,0.177
1072,39,0.8464,0.9329,0.8814,2.9355,500,77,246,14,0.1492,2,Shattsur/nemotron-smeta-4bit-adapter,auto,weighted,0.80,adaptive,0.050
1073,39,0.8461,0.9077,0.8644,2.8862,101,146,51,27,0.0139,2,DiTy/cross-encoder-russian-msmarco,auto,weighted,0.84,adaptive,0.061
1074,39,0.8454,0.9370,0.8813,2.9392,69,141,296,24,0.0641,2,Shattsur/nemotron-smeta-4bit-adapter,auto,weighted,0.78,fixed,0.147
1075,39,0.8447,0.9536,0.8822,2.9594,69,174,222,39,0.2095,2,Shattsur/nemotron-smeta-4bit-adapter,auto,weighted,0.83,adaptive,0.165
1076,39,0.8440,0.9608,0.8859,2.9715,188,183,243,14,0.1155,2,Shattsur/nemotron-smeta-4bit-adapter,auto,rrf,0.45,fixed,0.151
1077,39,0.8408,0.9415,0.8819,2.9407,500,153,65,29,0.1306,2,Shattsur/nemotron-smeta-4bit-adapter,auto,weighted,0.53,adaptive,0.050
1078,39,0.8448,0.9521,0.8818,2.9572,500,51,72,24,0.1597,2,Shattsur/nemotron-smeta-4bit-adapter,auto,rrf,0.40,adaptive,0.165
1079,39,0.8326,0.8985,0.8663,2.8637,472,83,38,14,0.0716,7,DiTy/cross-encoder-russian-msmarco,auto,weighted,0.28,adaptive,0.130
1080,39,0.8435,0.9602,0.8852,2.9694,411,72,98,16,0.1046,2,Shattsur/nemotron-smeta-4bit-adapter,auto,rrf,0.89,fixed,0.183
1081,39,0.8393,0.9108,0.8587,2.8769,10,51,93,24,0.1306,7,DiTy/cross-encoder-russian-msmarco,auto,weighted,0.45,fixed,0.057
1082,39,0.8407,0.9539,0.8838,2.9576,238,101,197,39,0.0642,2,Shattsur/nemotron-smeta-4bit-adapter,auto,rrf,0.84,fixed,0.061
1083,39,0.8366,0.9345,0.8721,2.9173,163,169,236,10,0.0319,2,Alibaba-NLP/gte-reranker-modernbert-base,auto,weighted,0.39,adaptive,0.151
1084,39,0.7647,0.9122,0.8616,2.8071,358,82,257,14,0.0224,2,Shattsur/nemotron-smeta-4bit-adapter,auto,rrf,0.69,adaptive,0.244
1085,39,0.8310,0.8976,0.8773,2.8731,500,169,98,11,0.1728,3,Alibaba-NLP/gte-reranker-modernbert-base,auto,rrf,0.80,adaptive,0.118
1086,39,0.8330,0.9068,0.8699,2.8779,184,108,72,10,0.0642,8,Shattsur/nemotron-smeta-4bit-adapter,auto,rrf,0.45,adaptive,0.057
1087,39,0.8410,0.9257,0.8871,2.9276,184,250,72,14,0.1537,3,Shattsur/nemotron-smeta-4bit-adapter,auto,rrf,0.83,fixed,0.130
1088,39,0.8461,0.9276,0.8644,2.9101,88,239,207,20,0.1560,2,DiTy/cross-encoder-russian-msmarco,auto,rrf,0.45,fixed,0.151
1089,39,0.7637,0.9135,0.8631,2.8093,191,169,233,20,0.1624,2,Shattsur/nemotron-smeta-4bit-adapter,auto,rrf,0.88,adaptive,0.239
1090,39,0.8492,0.9198,0.8743,2.9147,334,128,234,14,0.0224,2,DiTy/cross-encoder-russian-msmarco,auto,weighted,0.45,adaptive,0.151
1091,39,0.8450,0.9269,0.8690,2.9131,247,72,98,14,0.0139,2,DiTy/cross-encoder-russian-msmarco,auto,rrf,0.73,fixed,0.090
1092,40,0.8488,0.9190,0.8689,2.9074,116,48,99,12,0.0615,2,DiTy/cross-encoder-russian-msmarco,auto,rrf,0.29,fixed,0.080
1093,40,0.8358,0.9286,0.8741,2.9116,500,166,98,22,0.1461,2,Alibaba-NLP/gte-reranker-modernbert-base,auto,rrf,0.11,adaptive,0.130
1094,40,0.8226,0.8956,0.8687,2.8529,411,72,98,24,0.1439,10,Shattsur/nemotron-smeta-4bit-adapter,auto,weighted,0.47,adaptive,0.050
1095,40,0.8439,0.9336,0.8826,2.9350,254,83,31,14,0.0716,2,Shattsur/nemotron-smeta-4bit-adapter,auto,rrf,0.45,adaptive,0.130
1096,40,0.8311,0.9420,0.8818,2.9315,334,120,243,38,0.1537,2,Shattsur/nemotron-smeta-4bit-adapter,auto,weighted,0.49,fixed,0.130
1097,40,0.8208,0.9123,0.8690,2.8715,356,48,53,36,0.0472,9,Shattsur/nemotron-smeta-4bit-adapter,auto,rrf,0.88,fixed,0.242
1098,40,0.8386,0.9134,0.8744,2.8966,264,296,99,10,0.0229,7,Shattsur/nemotron-smeta-4bit-adapter,auto,rrf,0.88,adaptive,0.151
1099,40,0.8428,0.8760,0.8703,2.8514,500,48,230,12,0.0163,9,DiTy/cross-encoder-russian-msmarco,auto,weighted,0.88,fixed,0.177
1100,40,0.8277,0.9233,0.8653,2.8876,490,83,296,30,0.1165,8,Shattsur/nemotron-smeta-4bit-adapter,auto,rrf,0.80,adaptive,0.074
1101,40,0.8199,0.9055,0.8680,2.8613,500,72,48,32,0.0716,6,Alibaba-NLP/gte-reranker-modernbert-base,auto,rrf,0.45,adaptive,0.050
1102,40,0.8334,0.9010,0.8722,2.8740,430,83,280,14,0.0716,2,Alibaba-NLP/gte-reranker-modernbert-base,auto,rrf,0.45,adaptive,0.076
1103,40,0.8098,0.9345,0.8705,2.8888,69,141,219,14,0.2095,2,Shattsur/nemotron-smeta-4bit-adapter,auto,weighted,0.84,fixed,0.101
1104,40,0.8326,0.9012,0.8712,2.8723,184,239,78,10,0.0642,7,Shattsur/nemotron-smeta-4bit-adapter,auto,rrf,0.45,fixed,0.151
1105,40,0.8336,0.9449,0.8687,2.9231,238,72,98,14,0.0139,2,Alibaba-NLP/gte-reranker-modernbert-base,auto,weighted,0.57,adaptive,0.075
1106,40,0.8507,0.9234,0.8653,2.9106,500,51,134,24,0.0444,2,DiTy/cross-encoder-russian-msmarco,auto,rrf,0.45,adaptive,0.057
1107,40,0.8484,0.9201,0.8683,2.9076,258,141,197,43,0.0139,2,DiTy/cross-encoder-russian-msmarco,auto,rrf,0.45,adaptive,0.061
1108,40,0.8344,0.9158,0.8726,2.8931,356,282,207,31,0.2378,2,Alibaba-NLP/gte-reranker-modernbert-base,auto,rrf,0.45,adaptive,0.074
1109,40,0.8438,0.9606,0.8857,2.9709,500,146,153,11,0.1206,2,Shattsur/nemotron-smeta-4bit-adapter,auto,rrf,0.59,adaptive,0.164
1110,40,0.8414,0.9396,0.8885,2.9463,184,120,252,26,0.0867,2,Shattsur/nemotron-smeta-4bit-adapter,auto,rrf,0.49,adaptive,0.151
1111,40,0.8422,0.9377,0.8800,2.9354,163,176,48,10,0.0634,2,Shattsur/nemotron-smeta-4bit-adapter,auto,weighted,0.39,fixed,0.151
1112,40,0.8506,0.9275,0.8744,2.9254,334,194,257,12,0.0641,2,DiTy/cross-encoder-russian-msmarco,auto,weighted,0.45,adaptive,0.130
1113,40,0.8187,0.9356,0.8737,2.9024,185,140,64,49,0.0139,5,Shattsur/nemotron-smeta-4bit-adapter,auto,rrf,0.84,fixed,0.061
1114,40,0.8258,0.9314,0.8669,2.8972,116,85,222,12,0.0641,2,Alibaba-NLP/gte-reranker-modernbert-base,auto,weighted,0.12,adaptive,0.134
1115,40,0.7985,0.9067,0.8752,2.8493,500,230,230,41,0.0880,7,Shattsur/nemotron-smeta-4bit-adapter,auto,weighted,0.14,adaptive,0.057
1116,40,0.8437,0.9330,0.8684,2.9186,428,67,264,10,0.0914,2,Alibaba-NLP/gte-reranker-modernbert-base,auto,weighted,0.83,fixed,0.089
1117,40,0.7693,0.9188,0.8549,2.8123,358,230,230,10,0.2362,2,Shattsur/nemotron-smeta-4bit-adapter,auto,weighted,0.44,fixed,0.190
1118,40,0.8338,0.8959,0.8826,2.8798,188,146,243,17,0.0319,7,Shattsur/nemotron-smeta-4bit-adapter,auto,rrf,0.64,adaptive,0.151
1119,40,0.8484,0.9422,0.8800,2.9470,238,175,207,12,0.0328,2,Shattsur/nemotron-smeta-4bit-adapter,auto,weighted,0.74,adaptive,0.130
1120,41,0.8182,0.8972,0.8691,2.8508,396,146,64,30,0.0785,3,Alibaba-NLP/gte-reranker-modernbert-base,auto,weighted,0.11,fixed,0.130
1121,41,0.8490,0.9177,0.8684,2.9055,238,141,39,12,0.0641,2,DiTy/cross-encoder-russian-msmarco,auto,rrf,0.45,fixed,0.225
1122,41,0.8441,0.9389,0.8840,2.9431,238,237,58,31,0.1244,2,Shattsur/nemotron-smeta-4bit-adapter,auto,rrf,0.45,adaptive,0.074
1123,41,0.8434,0.9385,0.8817,2.9394,69,205,178,39,0.1374,2,Shattsur/nemotron-smeta-4bit-adapter,auto,weighted,0.69,fixed,0.195
1124,41,0.8438,0.9601,0.8866,2.9712,238,146,49,17,0.0139,2,Shattsur/nemotron-smeta-4bit-adapter,auto,rrf,0.84,fixed,0.061
1125,41,0.8373,0.9370,0.8779,2.9274,356,146,97,20,0.0660,5,Shattsur/nemotron-smeta-4bit-adapter,auto,weighted,0.84,fixed,0.131
1126,41,0.8038,0.9375,0.8719,2.8879,500,169,222,11,0.2095,2,Shattsur/nemotron-smeta-4bit-adapter,auto,rrf,0.80,fixed,0.165
1127,41,0.8307,0.9401,0.8721,2.9180,79,51,25,20,0.1306,2,Alibaba-NLP/gte-reranker-modernbert-base,auto,weighted,0.45,fixed,0.151
1128,41,0.8434,0.9464,0.8843,2.9518,184,67,72,23,0.1504,2,Shattsur/nemotron-smeta-4bit-adapter,auto,rrf,0.83,fixed,0.130
1129,41,0.8417,0.9353,0.8723,2.9236,404,296,239,22,0.0163,3,DiTy/cross-encoder-russian-msmarco,auto,rrf,0.88,adaptive,0.207
1130,41,0.8278,0.8979,0.8743,2.8671,356,175,207,14,0.2347,8,Alibaba-NLP/gte-reranker-modernbert-base,auto,weighted,0.78,adaptive,0.130
1131,41,0.8473,0.9281,0.8690,2.9170,411,72,207,22,0.0563,2,DiTy/cross-encoder-russian-msmarco,auto,rrf,0.17,fixed,0.151
1132,41,0.8147,0.8994,0.8737,2.8551,188,183,243,14,0.0224,10,Alibaba-NLP/gte-reranker-modernbert-base,auto,weighted,0.45,adaptive,0.075
1133,41,0.8433,0.9298,0.8677,2.9135,69,126,222,10,0.2095,2,Alibaba-NLP/gte-reranker-modernbert-base,auto,weighted,0.80,adaptive,0.239
1134,41,0.8400,0.9490,0.8818,2.9487,116,48,54,20,0.0948,2,Shattsur/nemotron-smeta-4bit-adapter,auto,weighted,0.40,fixed,0.151
1135,41,0.7928,0.9015,0.8736,2.8357,84,242,215,17,0.0163,5,Shattsur/nemotron-smeta-4bit-adapter,auto,rrf,0.18,adaptive,0.176
1136,41,0.8401,0.9005,0.8737,2.8817,10,194,45,12,0.0641,10,Shattsur/nemotron-smeta-4bit-adapter,auto,weighted,0.83,fixed,0.177
1137,41,0.7215,0.8818,0.8406,2.7043,334,194,257,10,0.0224,7,Shattsur/nemotron-smeta-4bit-adapter,auto,rrf,0.45,adaptive,0.244
1138,41,0.8459,0.9362,0.8802,2.9375,10,194,99,25,0.0641,2,Shattsur/nemotron-smeta-4bit-adapter,auto,weighted,0.88,fixed,0.177
1139,41,0.8457,0.9340,0.8816,2.9362,356,277,207,20,0.0716,2,Shattsur/nemotron-smeta-4bit-adapter,auto,weighted,0.54,adaptive,0.074
1140,41,0.8421,0.9610,0.8863,2.9702,356,109,207,20,0.1864,2,Shattsur/nemotron-smeta-4bit-adapter,auto,rrf,0.45,adaptive,0.083
1141,41,0.8420,0.9576,0.8883,2.9682,401,72,219,22,0.0261,2,Shattsur/nemotron-smeta-4bit-adapter,auto,rrf,0.29,fixed,0.054
1142,41,0.8498,0.9313,0.8635,2.9172,500,230,126,32,0.0163,2,DiTy/cross-encoder-russian-msmarco,auto,rrf,0.60,adaptive,0.183
1143,41,0.8466,0.9266,0.8688,2.9142,420,72,72,14,0.0407,2,DiTy/cross-encoder-russian-msmarco,auto,rrf,0.88,fixed,0.219
1144,41,0.8470,0.9228,0.8663,2.9073,255,295,38,24,0.1537,2,DiTy/cross-encoder-russian-msmarco,auto,rrf,0.54,fixed,0.239
1145,41,0.8428,0.9411,0.8831,2.9436,411,181,72,36,0.0615,2,Shattsur/nemotron-smeta-4bit-adapter,auto,rrf,0.29,adaptive,0.101
1146,41,0.8266,0.9219,0.8769,2.8976,110,116,243,44,0.0641,3,Shattsur/nemotron-smeta-4bit-adapter,auto,rrf,0.71,fixed,0.177
1147,41,0.8097,0.9310,0.8701,2.8839,358,109,217,18,0.1444,2,Shattsur/nemotron-smeta-4bit-adapter,auto,weighted,0.80,adaptive,0.224
1148,42,0.8369,0.9347,0.8766,2.9227,500,135,291,24,0.1158,3,DiTy/cross-encoder-russian-msmarco,auto,rrf,0.38,adaptive,0.067
1149,42,0.8451,0.9535,0.8825,2.9602,116,83,280,39,0.0716,2,Shattsur/nemotron-smeta-4bit-adapter,auto,weighted,0.88,adaptive,0.139
1150,42,0.8542,0.9391,0.8797,2.9488,248,114,281,10,0.1337,2,DiTy/cross-encoder-russian-msmarco,auto,weighted,0.39,adaptive,0.206
1151,42,0.8440,0.9606,0.8855,2.9708,356,230,207,25,0.1136,2,Shattsur/nemotron-smeta-4bit-adapter,auto,rrf,0.52,fixed,0.151
1152,42,0.8257,0.9229,0.8686,2.8887,411,245,219,22,0.0615,5,Shattsur/nemotron-smeta-4bit-adapter,auto,weighted,0.29,fixed,0.054
1153,42,0.8458,0.9409,0.8827,2.9458,500,51,72,24,0.0710,2,Shattsur/nemotron-smeta-4bit-adapter,auto,rrf,0.45,adaptive,0.057
1154,42,0.8452,0.9328,0.8839,2.9369,238,141,90,14,0.2337,2,Shattsur/nemotron-smeta-4bit-adapter,auto,weighted,0.45,adaptive,0.061
1155,42,0.8429,0.9614,0.8869,2.9721,356,175,207,20,0.2177,2,Shattsur/nemotron-smeta-4bit-adapter,auto,rrf,0.45,adaptive,0.151
1156,42,0.8351,0.9400,0.8670,2.9168,186,33,66,14,0.2379,5,Shattsur/nemotron-smeta-4bit-adapter,auto,rrf,0.13,adaptive,0.050
1157,42,0.8428,0.9622,0.8843,2.9702,362,83,207,11,0.0716,2,Shattsur/nemotron-smeta-4bit-adapter,auto,rrf,0.45,adaptive,0.151
1158,42,0.8340,0.9073,0.8793,2.8900,103,183,243,28,0.0751,4,Shattsur/nemotron-smeta-4bit-adapter,auto,rrf,0.45,adaptive,0.151
1159,42,0.8484,0.9250,0.8666,2.9116,414,169,48,22,0.1073,2,DiTy/cross-encoder-russian-msmarco,auto,rrf,0.39,adaptive,0.050
1160,42,0.8318,0.9156,0.8737,2.8915,356,295,207,20,0.1511,8,Shattsur/nemotron-smeta-4bit-adapter,auto,rrf,0.45,adaptive,0.151
1161,42,0.8534,0.9317,0.8745,2.9335,334,101,12,10,0.0224,2,DiTy/cross-encoder-russian-msmarco,auto,rrf,0.83,adaptive,0.151
1162,42,0.8292,0.9501,0.8706,2.9270,264,183,20,10,0.0163,7,Shattsur/nemotron-smeta-4bit-adapter,auto,weighted,0.53,fixed,0.142
1163,42,0.8322,0.9256,0.8709,2.9009,184,284,72,14,0.0139,8,DiTy/cross-encoder-russian-msmarco,auto,rrf,0.83,adaptive,0.074
1164,42,0.8404,0.9361,0.8779,2.9295,295,256,96,12,0.0924,2,Shattsur/nemotron-smeta-4bit-adapter,auto,weighted,0.23,fixed,0.177
1165,42,0.8458,0.9115,0.8633,2.8892,69,205,222,39,0.2095,2,DiTy/cross-encoder-russian-msmarco,auto,weighted,0.80,adaptive,0.232
1166,42,0.8438,0.8683,0.8727,2.8457,334,194,70,12,0.0147,8,DiTy/cross-encoder-russian-msmarco,auto,weighted,0.76,fixed,0.061
1167,42,0.8322,0.9530,0.8818,2.9458,69,205,291,46,0.1521,2,Shattsur/nemotron-smeta-4bit-adapter,auto,rrf,0.45,adaptive,0.151
1168,42,0.8335,0.9245,0.8718,2.9018,238,141,197,14,0.1349,2,Alibaba-NLP/gte-reranker-modernbert-base,auto,rrf,0.84,adaptive,0.061
1169,42,0.8434,0.9385,0.8817,2.9394,184,296,91,33,0.0716,2,Shattsur/nemotron-smeta-4bit-adapter,auto,weighted,0.59,adaptive,0.074
1170,42,0.8301,0.8676,0.8683,2.8264,378,51,72,24,0.1749,10,DiTy/cross-encoder-russian-msmarco,auto,weighted,0.45,adaptive,0.057
1171,42,0.8387,0.9155,0.8841,2.9098,345,63,266,14,0.0139,3,Shattsur/nemotron-smeta-4bit-adapter,auto,rrf,0.45,fixed,0.113
1172,42,0.8415,0.8972,0.8708,2.8759,261,283,257,26,0.0167,5,DiTy/cross-encoder-russian-msmarco,auto,weighted,0.49,adaptive,0.244
1173,42,0.8462,0.9369,0.8720,2.9298,184,296,281,10,0.2149,5,DiTy/cross-encoder-russian-msmarco,auto,weighted,0.41,fixed,0.239
1174,42,0.7652,0.9126,0.8620,2.8085,188,183,243,14,0.2293,2,Shattsur/nemotron-smeta-4bit-adapter,auto,rrf,0.89,fixed,0.151
1175,42,0.8436,0.9593,0.8878,2.9714,163,145,207,12,0.0693,2,Shattsur/nemotron-smeta-4bit-adapter,auto,rrf,0.45,adaptive,0.151
1176,43,0.7637,0.9135,0.8631,2.8093,475,233,296,20,0.0407,2,Shattsur/nemotron-smeta-4bit-adapter,auto,rrf,0.80,adaptive,0.238
1177,43,0.8400,0.9547,0.8805,2.9543,442,159,197,41,0.0641,2,Shattsur/nemotron-smeta-4bit-adapter,auto,rrf,0.84,adaptive,0.061
1178,43,0.8431,0.9280,0.8712,2.9149,163,175,164,20,0.0709,2,DiTy/cross-encoder-russian-msmarco,auto,rrf,0.45,fixed,0.063
1179,43,0.8381,0.9530,0.8804,2.9502,500,170,102,44,0.2492,2,Shattsur/nemotron-smeta-4bit-adapter,auto,rrf,0.83,adaptive,0.088
1180,43,0.8437,0.9493,0.8683,2.9379,358,189,230,10,0.0163,5,DiTy/cross-encoder-russian-msmarco,auto,weighted,0.31,adaptive,0.187
1181,43,0.8307,0.9005,0.8697,2.8681,475,120,252,26,0.0707,9,DiTy/cross-encoder-russian-msmarco,auto,rrf,0.63,fixed,0.151
1182,43,0.8466,0.9470,0.8797,2.9507,238,141,249,36,0.2424,2,Shattsur/nemotron-smeta-4bit-adapter,auto,weighted,0.88,adaptive,0.061
1183,43,0.8429,0.9614,0.8869,2.9721,356,160,207,20,0.2177,2,Shattsur/nemotron-smeta-4bit-adapter,auto,rrf,0.19,adaptive,0.151
1184,43,0.8492,0.9198,0.8743,2.9147,269,169,207,14,0.1337,2,DiTy/cross-encoder-russian-msmarco,auto,weighted,0.45,adaptive,0.151
1185,43,0.8263,0.9079,0.8741,2.8773,14,66,243,30,0.2177,10,Shattsur/nemotron-smeta-4bit-adapter,auto,rrf,0.41,adaptive,0.151
1186,43,0.8445,0.9280,0.8669,2.9117,218,217,185,10,0.0163,4,DiTy/cross-encoder-russian-msmarco,auto,rrf,0.87,fixed,0.076
1187,43,0.8196,0.9397,0.8780,2.9131,238,83,90,25,0.0716,2,Shattsur/nemotron-smeta-4bit-adapter,auto,weighted,0.12,adaptive,0.139
1188,43,0.8460,0.9081,0.8633,2.8854,472,74,96,41,0.0543,2,DiTy/cross-encoder-russian-msmarco,auto,weighted,0.89,fixed,0.177
1189,43,0.8151,0.8618,0.8281,2.7601,51,141,207,43,0.1940,10,Shattsur/nemotron-smeta-4bit-adapter,auto,rrf,0.45,adaptive,0.074
1190,43,0.8422,0.9336,0.8678,2.9171,402,194,157,12,0.0621,2,Alibaba-NLP/gte-reranker-modernbert-base,auto,weighted,0.88,adaptive,0.177
1191,43,0.7202,0.8712,0.8445,2.6946,500,114,55,10,0.0603,3,Shattsur/nemotron-smeta-4bit-adapter,auto,rrf,0.35,adaptive,0.250
1192,43,0.8326,0.9418,0.8687,2.9183,22,230,72,10,0.0163,2,Alibaba-NLP/gte-reranker-modernbert-base,auto,rrf,0.54,adaptive,0.239
1193,43,0.8414,0.9547,0.8825,2.9579,452,230,279,39,0.0072,2,Shattsur/nemotron-smeta-4bit-adapter,auto,rrf,0.80,adaptive,0.101
1194,43,0.8455,0.9304,0.8664,2.9151,163,169,207,37,0.0716,2,DiTy/cross-encoder-russian-msmarco,auto,rrf,0.39,adaptive,0.151
1195,43,0.8229,0.9163,0.8718,2.8814,238,51,72,34,0.0512,9,Shattsur/nemotron-smeta-4bit-adapter,auto,rrf,0.45,fixed,0.162
1196,43,0.8472,0.9229,0.8661,2.9074,163,156,52,28,0.0163,2,DiTy/cross-encoder-russian-msmarco,auto,weighted,0.71,fixed,0.151
1197,43,0.8411,0.9539,0.8840,2.9581,110,146,243,39,0.0319,2,Shattsur/nemotron-smeta-4bit-adapter,auto,rrf,0.59,adaptive,0.151
1198,43,0.8042,0.9209,0.8704,2.8667,127,104,63,14,0.0139,2,Shattsur/nemotron-smeta-4bit-adapter,auto,weighted,0.88,adaptive,0.165
1199,43,0.8432,0.9411,0.8833,2.9441,86,296,113,38,0.0163,2,Shattsur/nemotron-smeta-4bit-adapter,auto,rrf,0.59,adaptive,0.151
1200,43,0.8501,0.9539,0.8725,2.9545,334,194,257,10,0.0224,2,DiTy/cross-encoder-russian-msmarco,auto,rrf,0.67,fixed,0.151
1201,43,0.8400,0.9129,0.8599,2.8813,362,277,88,25,0.0224,7,DiTy/cross-encoder-russian-msmarco,auto,weighted,0.45,adaptive,0.244
1202,43,0.8320,0.8515,0.8719,2.8129,238,266,197,48,0.0716,8,DiTy/cross-encoder-russian-msmarco,auto,rrf,0.25,fixed,0.151
1203,43,0.8379,0.9271,0.8705,2.9079,362,194,240,28,0.0641,4,DiTy/cross-encoder-russian-msmarco,auto,rrf,0.30,fixed,0.177
1204,44,0.8385,0.9413,0.8817,2.9379,188,183,197,47,0.0139,2,Shattsur/nemotron-smeta-4bit-adapter,auto,rrf,0.58,fixed,0.061
1205,44,0.8478,0.9442,0.8811,2.9500,362,83,207,11,0.0947,2,Shattsur/nemotron-smeta-4bit-adapter,auto,weighted,0.75,adaptive,0.151
1206,44,0.8420,0.9215,0.8658,2.9001,188,256,243,14,0.1155,2,DiTy/cross-encoder-russian-msmarco,auto,rrf,0.45,fixed,0.155
1207,44,0.8464,0.9329,0.8814,2.9355,69,43,281,15,0.0163,2,Shattsur/nemotron-smeta-4bit-adapter,auto,weighted,0.80,adaptive,0.112
1208,44,0.8244,0.9340,0.8724,2.9049,436,225,207,14,0.1922,4,Alibaba-NLP/gte-reranker-modernbert-base,auto,weighted,0.45,adaptive,0.165
1209,44,0.8418,0.9390,0.8804,2.9371,163,72,155,10,0.1337,2,Shattsur/nemotron-smeta-4bit-adapter,auto,weighted,0.39,fixed,0.212
1210,44,0.8316,0.9413,0.8807,2.9298,188,183,243,38,0.1155,2,Shattsur/nemotron-smeta-4bit-adapter,auto,weighted,0.43,adaptive,0.151
1211,44,0.8400,0.9258,0.8629,2.9002,184,50,203,31,0.0139,7,DiTy/cross-encoder-russian-msmarco,auto,weighted,0.83,adaptive,0.201
1212,44,0.7942,0.9247,0.8676,2.8583,399,141,153,46,0.0706,5,Shattsur/nemotron-smeta-4bit-adapter,auto,rrf,0.65,adaptive,0.222
1213,44,0.8424,0.9436,0.8836,2.9466,53,72,99,14,0.0641,2,Shattsur/nemotron-smeta-4bit-adapter,auto,rrf,0.29,fixed,0.130
1214,44,0.8460,0.9280,0.8682,2.9146,434,103,61,14,0.2337,2,DiTy/cross-encoder-russian-msmarco,auto,rrf,0.45,adaptive,0.061
1215,44,0.8400,0.9373,0.8744,2.9267,226,175,257,12,0.0224,5,Shattsur/nemotron-smeta-4bit-adapter,auto,weighted,0.71,adaptive,0.151
1216,44,0.8485,0.9428,0.8805,2.9484,173,194,226,12,0.0163,2,Shattsur/nemotron-smeta-4bit-adapter,auto,weighted,0.59,fixed,0.151
1217,44,0.8395,0.9343,0.8785,2.9270,356,194,207,20,0.0224,3,DiTy/cross-encoder-russian-msmarco,auto,rrf,0.75,adaptive,0.074
1218,44,0.8370,0.9244,0.8718,2.9053,163,81,207,12,0.0641,2,Alibaba-NLP/gte-reranker-modernbert-base,auto,rrf,0.45,fixed,0.151
1219,44,0.8424,0.9212,0.8689,2.9037,401,72,171,12,0.0261,2,DiTy/cross-encoder-russian-msmarco,auto,rrf,0.45,fixed,0.054
1220,44,0.8375,0.9285,0.8686,2.9072,184,114,281,10,0.1343,7,DiTy/cross-encoder-russian-msmarco,auto,weighted,0.35,adaptive,0.189
1221,44,0.8363,0.9099,0.8803,2.8964,356,225,14,14,0.2177,5,Shattsur/nemotron-smeta-4bit-adapter,auto,rrf,0.16,adaptive,0.151
1222,44,0.8338,0.9353,0.8736,2.9171,397,169,73,39,0.1624,8,Shattsur/nemotron-smeta-4bit-adapter,auto,weighted,0.88,fixed,0.139
1223,44,0.8435,0.9442,0.8819,2.9466,356,63,243,33,0.0139,2,Shattsur/nemotron-smeta-4bit-adapter,auto,rrf,0.38,fixed,0.212
1224,44,0.8234,0.8683,0.8688,2.8210,154,141,176,14,0.0139,8,Alibaba-NLP/gte-reranker-modernbert-base,auto,rrf,0.75,fixed,0.236
1225,44,0.8419,0.8971,0.8705,2.8759,116,48,99,12,0.0867,6,Shattsur/nemotron-smeta-4bit-adapter,auto,weighted,0.88,adaptive,0.070
1226,44,0.8003,0.9335,0.8776,2.8859,163,145,207,12,0.0693,2,Shattsur/nemotron-smeta-4bit-adapter,auto,rrf,0.29,adaptive,0.192
1227,44,0.8457,0.9163,0.8748,2.9075,362,249,48,11,0.2150,5,DiTy/cross-encoder-russian-msmarco,auto,weighted,0.45,adaptive,0.151
1228,44,0.8367,0.9263,0.8825,2.9190,356,183,243,14,0.2177,4,Shattsur/nemotron-smeta-4bit-adapter,auto,rrf,0.45,adaptive,0.151
1229,44,0.7692,0.9137,0.8643,2.8163,47,141,90,14,0.2337,2,Shattsur/nemotron-smeta-4bit-adapter,auto,rrf,0.80,fixed,0.061
1230,44,0.8340,0.9194,0.8721,2.8966,356,108,36,49,0.2028,2,Alibaba-NLP/gte-reranker-modernbert-base,auto,rrf,0.88,adaptive,0.119
1231,44,0.8384,0.9193,0.8652,2.8933,89,205,222,39,0.0224,7,DiTy/cross-encoder-russian-msmarco,auto,weighted,0.67,fixed,0.239
1232,45,0.8444,0.9341,0.8829,2.9364,188,183,11,19,0.0641,2,Shattsur/nemotron-smeta-4bit-adapter,auto,rrf,0.45,fixed,0.238
1233,45,0.8427,0.9487,0.8779,2.9469,362,51,59,11,0.0710,3,DiTy/cross-encoder-russian-msmarco,auto,rrf,0.16,fixed,0.057
1234,45,0.8433,0.9489,0.8865,2.9571,238,298,128,21,0.0163,2,Shattsur/nemotron-smeta-4bit-adapter,auto,rrf,0.17,adaptive,0.050
1235,45,0.8414,0.9530,0.8833,2.9567,238,140,253,33,0.2498,2,Shattsur/nemotron-smeta-4bit-adapter,auto,rrf,0.80,adaptive,0.165
1236,45,0.8380,0.9453,0.8734,2.9331,362,109,296,11,0.0441,2,Alibaba-NLP/gte-reranker-modernbert-base,auto,weighted,0.45,adaptive,0.151
1237,45,0.8270,0.9331,0.8817,2.9166,69,77,296,46,0.2095,2,Shattsur/nemotron-smeta-4bit-adapter,auto,rrf,0.80,adaptive,0.165
1238,45,0.7981,0.9074,0.8695,2.8434,322,57,48,10,0.1103,4,Shattsur/nemotron-smeta-4bit-adapter,auto,rrf,0.39,adaptive,0.197
1239,45,0.8558,0.9417,0.8785,2.9521,232,145,297,10,0.0163,2,DiTy/cross-encoder-russian-msmarco,auto,weighted,0.49,fixed,0.151
1240,45,0.8326,0.9205,0.8732,2.8977,356,225,156,14,0.0139,2,Alibaba-NLP/gte-reranker-modernbert-base,auto,rrf,0.83,adaptive,0.238
1241,45,0.8351,0.8843,0.8699,2.8531,405,194,281,44,0.1399,9,DiTy/cross-encoder-russian-msmarco,auto,weighted,0.45,fixed,0.239
1242,45,0.8384,0.9365,0.8818,2.9321,159,194,99,26,0.0716,2,Shattsur/nemotron-smeta-4bit-adapter,auto,weighted,0.35,adaptive,0.070
1243,45,0.8208,0.9336,0.8793,2.9083,358,63,243,31,0.0319,2,Shattsur/nemotron-smeta-4bit-adapter,auto,weighted,0.28,adaptive,0.143
1244,45,0.8440,0.9608,0.8859,2.9715,188,183,99,14,0.1155,2,Shattsur/nemotron-smeta-4bit-adapter,auto,rrf,0.88,fixed,0.137
1245,45,0.7975,0.9257,0.8678,2.8630,402,225,257,27,0.0261,5,Shattsur/nemotron-smeta-4bit-adapter,auto,weighted,0.35,adaptive,0.205
1246,45,0.8444,0.9437,0.8855,2.9509,35,225,207,14,0.0139,2,Shattsur/nemotron-smeta-4bit-adapter,auto,rrf,0.45,adaptive,0.151
1247,45,0.8428,0.9411,0.8831,2.9436,467,260,85,39,0.2095,2,Shattsur/nemotron-smeta-4bit-adapter,auto,rrf,0.59,adaptive,0.089
1248,45,0.8349,0.9363,0.8770,2.9233,110,146,72,18,0.0319,2,Alibaba-NLP/gte-reranker-modernbert-base,auto,rrf,0.83,adaptive,0.151
1249,45,0.8478,0.9176,0.8740,2.9104,453,63,72,16,0.0139,2,DiTy/cross-encoder-russian-msmarco,auto,weighted,0.45,adaptive,0.151
1250,45,0.8370,0.9498,0.8733,2.9375,485,276,72,12,0.0459,2,Alibaba-NLP/gte-reranker-modernbert-base,auto,weighted,0.45,adaptive,0.057
1251,45,0.8439,0.9479,0.8811,2.9507,238,140,99,34,0.0139,2,Shattsur/nemotron-smeta-4bit-adapter,auto,weighted,0.83,adaptive,0.130
1252,45,0.8435,0.9603,0.8856,2.9701,116,75,99,14,0.0641,2,Shattsur/nemotron-smeta-4bit-adapter,auto,rrf,0.83,fixed,0.206
1253,45,0.8040,0.9380,0.8668,2.8831,356,183,207,10,0.2177,4,Shattsur/nemotron-smeta-4bit-adapter,auto,rrf,0.45,fixed,0.064
1254,45,0.8415,0.8956,0.8687,2.8718,472,256,99,14,0.0372,10,DiTy/cross-encoder-russian-msmarco,auto,weighted,0.89,fixed,0.177
1255,45,0.8346,0.9071,0.8734,2.8838,480,51,257,24,0.0240,4,Shattsur/nemotron-smeta-4bit-adapter,auto,rrf,0.56,fixed,0.244
1256,45,0.8379,0.9534,0.8816,2.9518,110,109,288,39,0.2095,2,Shattsur/nemotron-smeta-4bit-adapter,auto,rrf,0.59,adaptive,0.101
1257,45,0.8275,0.9225,0.8767,2.8989,238,141,197,14,0.0139,7,Shattsur/nemotron-smeta-4bit-adapter,auto,rrf,0.84,fixed,0.061
1258,45,0.8472,0.9288,0.8665,2.9149,188,256,109,45,0.0372,2,DiTy/cross-encoder-russian-msmarco,auto,weighted,0.45,fixed,0.130
1259,45,0.8322,0.8796,0.8705,2.8453,500,65,233,20,0.0163,8,DiTy/cross-encoder-russian-msmarco,auto,rrf,0.35,fixed,0.239
1260,46,0.8449,0.9521,0.8838,2.9597,184,48,252,18,0.0838,2,Shattsur/nemotron-smeta-4bit-adapter,auto,rrf,0.49,adaptive,0.143
1261,46,0.8358,0.9200,0.8826,2.9106,401,284,281,22,0.0261,3,Shattsur/nemotron-smeta-4bit-adapter,auto,rrf,0.29,fixed,0.054
1262,46,0.8492,0.9514,0.8815,2.9605,116,141,99,12,0.0641,2,Shattsur/nemotron-smeta-4bit-adapter,auto,weighted,0.88,fixed,0.177
1263,46,0.7683,0.9073,0.8600,2.8030,260,48,99,20,0.1178,2,Shattsur/nemotron-smeta-4bit-adapter,auto,weighted,0.82,adaptive,0.236
1264,46,0.8263,0.9307,0.8705,2.9007,35,225,207,25,0.0163,6,Shattsur/nemotron-smeta-4bit-adapter,auto,weighted,0.45,adaptive,0.096
1265,46,0.8439,0.9355,0.8833,2.9382,69,205,72,24,0.0710,2,Shattsur/nemotron-smeta-4bit-adapter,auto,weighted,0.45,fixed,0.165
1266,46,0.8464,0.9329,0.8814,2.9355,238,63,197,14,0.0139,2,Shattsur/nemotron-smeta-4bit-adapter,auto,weighted,0.83,fixed,0.061
1267,46,0.8334,0.9151,0.8759,2.8949,69,197,222,26,0.0693,2,Alibaba-NLP/gte-reranker-modernbert-base,auto,rrf,0.49,fixed,0.093
1268,46,0.8355,0.9453,0.8758,2.9332,356,175,72,20,0.1306,2,Alibaba-NLP/gte-reranker-modernbert-base,auto,rrf,0.43,fixed,0.057
1269,46,0.7575,0.8593,0.7951,2.6632,356,175,207,20,0.2177,2,Shattsur/nemotron-smeta-4bit-adapter,auto,rrf,0.45,adaptive,0.092
1270,46,0.8374,0.9474,0.8732,2.9348,238,141,174,12,0.1558,2,Alibaba-NLP/gte-reranker-modernbert-base,auto,weighted,0.66,adaptive,0.178
1271,46,0.8438,0.9290,0.8626,2.9074,356,175,207,23,0.2177,2,DiTy/cross-encoder-russian-msmarco,auto,rrf,0.35,fixed,0.151
1272,46,0.8333,0.9287,0.8729,2.9078,184,232,72,11,0.1270,2,Alibaba-NLP/gte-reranker-modernbert-base,auto,rrf,0.55,adaptive,0.151
1273,46,0.8451,0.9254,0.8770,2.9201,500,51,232,17,0.1306,3,DiTy/cross-encoder-russian-msmarco,auto,rrf,0.45,adaptive,0.201
1274,46,0.8417,0.9228,0.8663,2.9019,500,114,147,14,0.0163,2,DiTy/cross-encoder-russian-msmarco,auto,rrf,0.89,fixed,0.139
1275,46,0.7447,0.9005,0.8498,2.7601,356,12,207,43,0.0932,6,Shattsur/nemotron-smeta-4bit-adapter,auto,rrf,0.45,adaptive,0.241
1276,46,0.8377,0.9377,0.8810,2.9321,188,164,207,14,0.0139,5,Shattsur/nemotron-smeta-4bit-adapter,auto,rrf,0.45,adaptive,0.151
1277,46,0.8434,0.9609,0.8841,2.9690,478,225,196,11,0.1624,2,Shattsur/nemotron-smeta-4bit-adapter,auto,rrf,0.45,fixed,0.074
1278,46,0.7998,0.9364,0.8743,2.8852,500,109,296,11,0.1668,2,Shattsur/nemotron-smeta-4bit-adapter,auto,rrf,0.58,fixed,0.164
1279,46,0.8528,0.9436,0.8762,2.9489,238,27,197,10,0.1063,2,DiTy/cross-encoder-russian-msmarco,auto,weighted,0.84,fixed,0.061
1280,46,0.8441,0.9601,0.8868,2.9718,278,136,227,17,0.0319,2,Shattsur/nemotron-smeta-4bit-adapter,auto,rrf,0.85,adaptive,0.151
1281,46,0.8298,0.9343,0.8740,2.9124,419,256,207,44,0.0716,4,Shattsur/nemotron-smeta-4bit-adapter,auto,rrf,0.23,adaptive,0.056
1282,46,0.8394,0.9317,0.8723,2.9169,474,141,80,14,0.0641,2,Alibaba-NLP/gte-reranker-modernbert-base,auto,weighted,0.83,adaptive,0.130
1283,46,0.8131,0.9402,0.8696,2.8979,179,225,190,11,0.0508,2,Shattsur/nemotron-smeta-4bit-adapter,auto,weighted,0.76,adaptive,0.203
1284,46,0.8430,0.9359,0.8772,2.9310,182,119,165,14,0.0641,2,Shattsur/nemotron-smeta-4bit-adapter,auto,weighted,0.27,adaptive,0.130
1285,46,0.8311,0.9012,0.8793,2.8797,132,244,91,17,0.0224,6,Shattsur/nemotron-smeta-4bit-adapter,auto,rrf,0.80,adaptive,0.101
1286,46,0.8465,0.9349,0.8800,2.9364,356,225,170,20,0.0139,2,Shattsur/nemotron-smeta-4bit-adapter,auto,weighted,0.73,adaptive,0.151
1287,46,0.8460,0.9141,0.8637,2.8929,334,185,99,30,0.0224,2,DiTy/cross-encoder-russian-msmarco,auto,weighted,0.88,fixed,0.244
1288,47,0.8170,0.8774,0.8687,2.8254,198,141,54,37,0.0747,7,Alibaba-NLP/gte-reranker-modernbert-base,auto,rrf,0.29,fixed,0.054
1289,47,0.8288,0.9260,0.8740,2.9014,163,141,87,28,0.0641,2,Alibaba-NLP/gte-reranker-modernbert-base,auto,weighted,0.41,adaptive,0.177
1290,47,0.8483,0.9331,0.8774,2.9332,472,222,15,14,0.2095,3,DiTy/cross-encoder-russian-msmarco,auto,rrf,0.74,fixed,0.130
1291,47,0.8326,0.9275,0.8748,2.9079,500,51,222,20,0.2254,10,Shattsur/nemotron-smeta-4bit-adapter,auto,rrf,0.45,adaptive,0.165
1292,47,0.8045,0.9335,0.8743,2.8865,473,141,161,37,0.2337,2,Shattsur/nemotron-smeta-4bit-adapter,auto,weighted,0.45,adaptive,0.206
1293,47,0.8307,0.9018,0.8729,2.8731,184,48,184,26,0.0134,6,Shattsur/nemotron-smeta-4bit-adapter,auto,rrf,0.49,adaptive,0.151
1294,47,0.8311,0.9371,0.8741,2.9171,500,51,55,24,0.1306,2,Alibaba-NLP/gte-reranker-modernbert-base,auto,rrf,0.45,fixed,0.151
1295,47,0.8484,0.9201,0.8683,2.9076,99,51,177,36,0.0139,2,DiTy/cross-encoder-russian-msmarco,auto,rrf,0.49,adaptive,0.057
1296,47,0.8058,0.9241,0.8683,2.8698,69,205,222,36,0.2095,2,Shattsur/nemotron-smeta-4bit-adapter,auto,weighted,0.80,fixed,0.165
1297,47,0.8476,0.9332,0.8764,2.9315,72,113,257,10,0.0224,2,DiTy/cross-encoder-russian-msmarco,auto,rrf,0.45,adaptive,0.061
1298,47,0.8473,0.9183,0.8647,2.9004,31,225,48,19,0.2230,2,DiTy/cross-encoder-russian-msmarco,auto,weighted,0.39,adaptive,0.151
1299,47,0.8237,0.9109,0.8670,2.8706,14,68,99,12,0.0641,10,Shattsur/nemotron-smeta-4bit-adapter,auto,rrf,0.83,fixed,0.151
1300,47,0.8500,0.9513,0.8671,2.9454,311,194,257,10,0.0691,2,DiTy/cross-encoder-russian-msmarco,auto,rrf,0.35,adaptive,0.244
1301,47,0.8479,0.9436,0.8820,2.9504,214,120,219,12,0.0641,2,Shattsur/nemotron-smeta-4bit-adapter,auto,weighted,0.74,adaptive,0.151
1302,47,0.8366,0.9422,0.8718,2.9263,356,29,72,14,0.0139,2,Alibaba-NLP/gte-reranker-modernbert-base,auto,rrf,0.83,adaptive,0.074
1303,47,0.8453,0.9521,0.8840,2.9602,184,48,252,18,0.0838,2,Shattsur/nemotron-smeta-4bit-adapter,auto,rrf,0.49,adaptive,0.157
1304,47,0.8370,0.9100,0.8728,2.8889,116,225,99,12,0.0139,9,Shattsur/nemotron-smeta-4bit-adapter,auto,rrf,0.45,adaptive,0.151
1305,47,0.8470,0.9228,0.8663,2.9073,44,256,96,39,0.0731,2,DiTy/cross-encoder-russian-msmarco,auto,weighted,0.33,adaptive,0.101
1306,47,0.8360,0.9078,0.8853,2.8992,236,205,207,20,0.0716,3,Shattsur/nemotron-smeta-4bit-adapter,auto,rrf,0.89,adaptive,0.074
1307,47,0.8454,0.9333,0.8828,2.9365,35,225,262,14,0.0716,2,Shattsur/nemotron-smeta-4bit-adapter,auto,weighted,0.45,adaptive,0.074
1308,47,0.8423,0.9598,0.8823,2.9646,72,285,90,12,0.0375,2,Shattsur/nemotron-smeta-4bit-adapter,auto,rrf,0.45,fixed,0.151
1309,47,0.8429,0.9296,0.8682,2.9134,380,141,73,11,0.0641,2,Alibaba-NLP/gte-reranker-modernbert-base,auto,weighted,0.81,adaptive,0.074
1310,47,0.8427,0.9326,0.8675,2.9161,142,136,249,31,0.1181,4,DiTy/cross-encoder-russian-msmarco,auto,weighted,0.45,fixed,0.222
1311,47,0.8428,0.9599,0.8848,2.9680,163,145,143,10,0.0693,2,Shattsur/nemotron-smeta-4bit-adapter,auto,rrf,0.49,fixed,0.227
1312,47,0.8438,0.9603,0.8870,2.9719,500,120,228,13,0.0139,2,Shattsur/nemotron-smeta-4bit-adapter,auto,rrf,0.45,adaptive,0.145
1313,47,0.8065,0.9315,0.8730,2.8847,184,48,298,39,0.2095,2,Shattsur/nemotron-smeta-4bit-adapter,auto,weighted,0.80,adaptive,0.206
1314,47,0.8312,0.9176,0.8724,2.8920,401,234,207,12,0.0609,10,Shattsur/nemotron-smeta-4bit-adapter,auto,rrf,0.49,fixed,0.151
1315,47,0.8421,0.9514,0.8875,2.9599,362,120,252,26,0.0867,2,Shattsur/nemotron-smeta-4bit-adapter,auto,rrf,0.49,adaptive,0.151
1316,48,0.8459,0.9362,0.8802,2.9375,356,167,207,20,0.0371,2,Shattsur/nemotron-smeta-4bit-adapter,auto,weighted,0.86,adaptive,0.124
1317,48,0.8289,0.9297,0.8723,2.9041,500,175,72,24,0.0382,2,Alibaba-NLP/gte-reranker-modernbert-base,auto,weighted,0.43,adaptive,0.127
1318,48,0.8329,0.9064,0.8736,2.8815,472,63,96,14,0.1997,6,Alibaba-NLP/gte-reranker-modernbert-base,auto,weighted,0.83,adaptive,0.130
1319,48,0.8438,0.9603,0.8870,2.9719,287,141,207,14,0.0139,2,Shattsur/nemotron-smeta-4bit-adapter,auto,rrf,0.84,adaptive,0.061
1320,48,0.8335,0.8840,0.8686,2.8497,360,169,207,48,0.0716,10,DiTy/cross-encoder-russian-msmarco,auto,rrf,0.45,adaptive,0.151
1321,48,0.8277,0.9143,0.8733,2.8855,69,194,296,39,0.0641,10,Shattsur/nemotron-smeta-4bit-adapter,auto,weighted,0.88,fixed,0.244
1322,48,0.8443,0.9608,0.8861,2.9720,431,225,207,14,0.0139,2,Shattsur/nemotron-smeta-4bit-adapter,auto,rrf,0.45,adaptive,0.151
1323,48,0.8317,0.9538,0.8829,2.9475,69,109,252,39,0.0320,2,Shattsur/nemotron-smeta-4bit-adapter,auto,rrf,0.86,adaptive,0.101
1324,48,0.8420,0.9331,0.8802,2.9299,35,133,99,14,0.0073,5,Shattsur/nemotron-smeta-4bit-adapter,auto,weighted,0.88,adaptive,0.059
1325,48,0.8433,0.9392,0.8830,2.9416,277,108,147,35,0.2179,2,Shattsur/nemotron-smeta-4bit-adapter,auto,weighted,0.63,adaptive,0.151
1326,48,0.8465,0.9318,0.8678,2.9193,223,248,297,11,0.2269,2,DiTy/cross-encoder-russian-msmarco,auto,rrf,0.49,adaptive,0.107
1327,48,0.8033,0.9333,0.8727,2.8832,278,23,227,37,0.0838,2,Shattsur/nemotron-smeta-4bit-adapter,auto,rrf,0.85,adaptive,0.221
1328,48,0.8428,0.9622,0.8843,2.9702,478,72,276,11,0.0261,2,Shattsur/nemotron-smeta-4bit-adapter,auto,rrf,0.45,adaptive,0.074
1329,48,0.8462,0.9345,0.8779,2.9332,167,170,227,12,0.0319,2,Shattsur/nemotron-smeta-4bit-adapter,auto,weighted,0.46,adaptive,0.151
1330,48,0.8422,0.9336,0.8678,2.9171,116,84,65,12,0.0641,2,Alibaba-NLP/gte-reranker-modernbert-base,auto,weighted,0.88,fixed,0.066
1331,48,0.8474,0.9303,0.8720,2.9229,104,122,151,12,0.0224,4,DiTy/cross-encoder-russian-msmarco,auto,weighted,0.38,adaptive,0.151
1332,48,0.8454,0.9281,0.8678,2.9137,167,175,207,49,0.0224,2,DiTy/cross-encoder-russian-msmarco,auto,rrf,0.45,adaptive,0.178
1333,48,0.8289,0.9324,0.8754,2.9108,184,16,252,27,0.2194,2,Alibaba-NLP/gte-reranker-modernbert-base,auto,rrf,0.60,adaptive,0.151
1334,48,0.8283,0.9096,0.8708,2.8777,500,70,72,30,0.1306,6,Shattsur/nemotron-smeta-4bit-adapter,auto,rrf,0.45,adaptive,0.057
1335,48,0.8032,0.9380,0.8747,2.8910,334,194,207,20,0.0224,2,Shattsur/nemotron-smeta-4bit-adapter,auto,rrf,0.45,adaptive,0.218
1336,48,0.8228,0.9032,0.8666,2.8599,238,205,222,14,0.0139,8,Alibaba-NLP/gte-reranker-modernbert-base,auto,rrf,0.23,adaptive,0.246
1337,48,0.8484,0.9337,0.8644,2.9197,87,151,207,11,0.0716,2,DiTy/cross-encoder-russian-msmarco,auto,rrf,0.81,adaptive,0.151
1338,48,0.8432,0.9558,0.8822,2.9606,35,63,21,47,0.2091,2,Shattsur/nemotron-smeta-4bit-adapter,auto,weighted,0.83,adaptive,0.151
1339,48,0.8449,0.9521,0.8838,2.9597,184,48,99,18,0.0838,2,Shattsur/nemotron-smeta-4bit-adapter,auto,rrf,0.34,adaptive,0.123
1340,48,0.8429,0.9430,0.8840,2.9469,35,225,72,14,0.0716,2,Shattsur/nemotron-smeta-4bit-adapter,auto,rrf,0.45,adaptive,0.074
1341,48,0.8296,0.9187,0.8767,2.8964,29,225,296,39,0.2095,7,Shattsur/nemotron-smeta-4bit-adapter,auto,weighted,0.80,adaptive,0.099
1342,48,0.8323,0.9387,0.8766,2.9230,184,164,150,18,0.0224,4,Shattsur/nemotron-smeta-4bit-adapter,auto,weighted,0.45,adaptive,0.088
1343,48,0.8481,0.9290,0.8620,2.9111,356,176,72,20,0.2161,2,DiTy/cross-encoder-russian-msmarco,auto,rrf,0.89,adaptive,0.238
1344,49,0.8438,0.9601,0.8854,2.9699,264,112,252,19,0.2177,2,Shattsur/nemotron-smeta-4bit-adapter,auto,rrf,0.14,adaptive,0.151
1345,49,0.8409,0.9413,0.8808,2.9393,141,200,207,31,0.0224,2,Shattsur/nemotron-smeta-4bit-adapter,auto,weighted,0.45,adaptive,0.104
1346,49,0.8438,0.9597,0.8868,2.9709,233,194,146,12,0.0139,2,Shattsur/nemotron-smeta-4bit-adapter,auto,rrf,0.45,adaptive,0.151
1347,49,0.8459,0.9245,0.8701,2.9125,356,256,96,10,0.2355,4,Alibaba-NLP/gte-reranker-modernbert-base,auto,weighted,0.89,adaptive,0.151
1348,49,0.8373,0.9509,0.8811,2.9476,493,194,257,12,0.0224,4,Shattsur/nemotron-smeta-4bit-adapter,auto,rrf,0.45,adaptive,0.146
1349,49,0.8438,0.9229,0.8621,2.8997,193,153,281,10,0.0163,7,DiTy/cross-encoder-russian-msmarco,auto,weighted,0.61,adaptive,0.239
1350,49,0.7647,0.9122,0.8616,2.8071,478,72,281,14,0.0261,2,Shattsur/nemotron-smeta-4bit-adapter,auto,rrf,0.42,adaptive,0.239
1351,49,0.8405,0.9250,0.8820,2.9207,184,181,252,13,0.1106,3,Shattsur/nemotron-smeta-4bit-adapter,auto,rrf,0.84,fixed,0.151
1352,49,0.8004,0.9346,0.8743,2.8837,69,104,222,14,0.0139,2,Shattsur/nemotron-smeta-4bit-adapter,auto,rrf,0.80,adaptive,0.165
1353,49,0.8302,0.9064,0.8760,2.8816,407,63,72,14,0.0139,6,Shattsur/nemotron-smeta-4bit-adapter,auto,rrf,0.83,fixed,0.151
1354,49,0.7951,0.9128,0.8711,2.8486,401,72,219,22,0.1742,2,Shattsur/nemotron-smeta-4bit-adapter,auto,weighted,0.29,fixed,0.177
1355,49,0.8346,0.9245,0.8817,2.9138,486,61,257,12,0.0224,4,Shattsur/nemotron-smeta-4bit-adapter,auto,rrf,0.45,fixed,0.101
1356,49,0.8370,0.9297,0.8747,2.9147,478,72,250,12,0.0261,6,Shattsur/nemotron-smeta-4bit-adapter,auto,rrf,0.53,adaptive,0.151
1357,49,0.8438,0.9603,0.8858,2.9706,356,98,62,13,0.1800,2,Shattsur/nemotron-smeta-4bit-adapter,auto,rrf,0.45,adaptive,0.151
1358,49,0.8344,0.9235,0.8606,2.8893,201,130,281,12,0.1199,5,DiTy/cross-encoder-russian-msmarco,auto,weighted,0.18,fixed,0.112
1359,49,0.8460,0.9357,0.8811,2.9381,356,120,219,20,0.0641,2,Shattsur/nemotron-smeta-4bit-adapter,auto,weighted,0.74,adaptive,0.151
1360,49,0.8435,0.9598,0.8865,2.9704,214,203,252,12,0.0838,2,Shattsur/nemotron-smeta-4bit-adapter,auto,rrf,0.27,fixed,0.055
1361,49,0.8308,0.9355,0.8703,2.9107,184,63,252,18,0.2247,2,Alibaba-NLP/gte-reranker-modernbert-base,auto,weighted,0.16,adaptive,0.077
1362,49,0.8443,0.9606,0.8857,2.9713,184,197,108,18,0.0838,2,Shattsur/nemotron-smeta-4bit-adapter,auto,rrf,0.49,adaptive,0.157
1363,49,0.8413,0.9375,0.8781,2.9323,10,43,166,12,0.1121,2,Shattsur/nemotron-smeta-4bit-adapter,auto,weighted,0.31,fixed,0.171
1364,49,0.8098,0.9345,0.8705,2.8888,232,145,72,14,0.2185,2,Shattsur/nemotron-smeta-4bit-adapter,auto,weighted,0.83,fixed,0.233
1365,49,0.8505,0.9445,0.8625,2.9327,500,114,117,10,0.0965,2,DiTy/cross-encoder-russian-msmarco,auto,rrf,0.35,adaptive,0.180
1366,49,0.8486,0.9456,0.8721,2.9426,500,114,188,10,0.0869,2,DiTy/cross-encoder-russian-msmarco,auto,rrf,0.75,fixed,0.239
1367,49,0.8311,0.9420,0.8818,2.9315,69,21,263,39,0.1306,2,Shattsur/nemotron-smeta-4bit-adapter,auto,weighted,0.80,adaptive,0.101
1368,49,0.8391,0.9141,0.8790,2.9029,184,63,204,10,0.0838,9,Shattsur/nemotron-smeta-4bit-adapter,auto,rrf,0.83,adaptive,0.151
1369,49,0.8394,0.9317,0.8723,2.9169,238,141,137,14,0.2095,2,Alibaba-NLP/gte-reranker-modernbert-base,auto,weighted,0.84,adaptive,0.101
1370,49,0.8480,0.9223,0.8666,2.9080,278,136,184,43,0.0163,2,DiTy/cross-encoder-russian-msmarco,auto,rrf,0.16,adaptive,0.151
1371,49,0.7893,0.9047,0.8701,2.8319,69,31,296,44,0.2095,2,Shattsur/nemotron-smeta-4bit-adapter,auto,weighted,0.27,adaptive,0.184
1372,50,0.8365,0.9148,0.8659,2.8868,276,145,207,44,0.0261,2,Alibaba-NLP/gte-reranker-modernbert-base,auto,rrf,0.45,fixed,0.115
1373,50,0.8438,0.9597,0.8868,2.9709,163,186,207,12,0.0693,2,Shattsur/nemotron-smeta-4bit-adapter,auto,rrf,0.45,adaptive,0.151
1374,50,0.8276,0.9195,0.8701,2.8881,232,51,280,24,0.2100,10,Shattsur/nemotron-smeta-4bit-adapter,auto,weighted,0.59,adaptive,0.057
1375,50,0.8438,0.9603,0.8858,2.9706,412,93,79,14,0.1978,2,Shattsur/nemotron-smeta-4bit-adapter,auto,rrf,0.83,adaptive,0.151
1376,50,0.8269,0.9126,0.8137,2.8171,163,26,117,30,0.0139,7,Shattsur/nemotron-smeta-4bit-adapter,auto,rrf,0.57,adaptive,0.160
1377,50,0.8464,0.9329,0.8814,2.9355,184,141,196,18,0.0838,2,Shattsur/nemotron-smeta-4bit-adapter,auto,weighted,0.77,fixed,0.157
1378,50,0.8258,0.9309,0.8785,2.9093,354,51,72,42,0.0163,2,Shattsur/nemotron-smeta-4bit-adapter,auto,weighted,0.38,adaptive,0.057
1379,50,0.8511,0.9212,0.8670,2.9102,116,114,127,26,0.0641,2,DiTy/cross-encoder-russian-msmarco,auto,rrf,0.57,fixed,0.239
1380,50,0.8420,0.9576,0.8883,2.9682,401,72,297,22,0.0459,2,Shattsur/nemotron-smeta-4bit-adapter,auto,rrf,0.76,fixed,0.054
1381,50,0.8255,0.9432,0.8736,2.9183,356,72,276,38,0.2367,5,Shattsur/nemotron-smeta-4bit-adapter,auto,rrf,0.45,adaptive,0.074
1382,50,0.8439,0.9287,0.8610,2.9054,278,157,207,17,0.2177,2,DiTy/cross-encoder-russian-msmarco,auto,rrf,0.45,adaptive,0.151
1383,50,0.7643,0.9023,0.8605,2.7936,363,155,219,46,0.2304,2,Shattsur/nemotron-smeta-4bit-adapter,auto,rrf,0.29,fixed,0.165
1384,50,0.8486,0.9259,0.8672,2.9137,238,175,59,33,0.2177,2,DiTy/cross-encoder-russian-msmarco,auto,rrf,0.64,fixed,0.151
1385,50,0.8505,0.9334,0.8784,2.9368,203,10,297,14,0.0838,2,DiTy/cross-encoder-russian-msmarco,auto,weighted,0.52,adaptive,0.151
1386,50,0.8047,0.9286,0.8709,2.8771,184,63,252,26,0.0139,2,Shattsur/nemotron-smeta-4bit-adapter,auto,rrf,0.25,adaptive,0.218
1387,50,0.8437,0.9403,0.8841,2.9446,184,63,220,26,0.2242,2,Shattsur/nemotron-smeta-4bit-adapter,auto,rrf,0.27,adaptive,0.151
1388,50,0.8370,0.8814,0.8704,2.8521,35,63,13,14,0.0716,10,Shattsur/nemotron-smeta-4bit-adapter,auto,weighted,0.83,adaptive,0.085
1389,50,0.8471,0.9424,0.8797,2.9456,69,194,99,12,0.2095,2,Shattsur/nemotron-smeta-4bit-adapter,auto,weighted,0.56,adaptive,0.101
1390,50,0.8497,0.9190,0.8667,2.9059,163,120,48,26,0.2265,2,DiTy/cross-encoder-russian-msmarco,auto,rrf,0.39,adaptive,0.151
1391,50,0.8361,0.9022,0.8841,2.8912,113,141,276,22,0.0261,3,Shattsur/nemotron-smeta-4bit-adapter,auto,rrf,0.45,adaptive,0.061
1392,50,0.8431,0.9561,0.8834,2.9622,69,226,292,27,0.2160,2,Shattsur/nemotron-smeta-4bit-adapter,auto,rrf,0.80,adaptive,0.165
1393,50,0.8440,0.9606,0.8855,2.9708,349,225,207,18,0.1308,2,Shattsur/nemotron-smeta-4bit-adapter,auto,rrf,0.45,adaptive,0.074
1394,50,0.7983,0.9107,0.8693,2.8475,226,272,281,10,0.1889,6,Shattsur/nemotron-smeta-4bit-adapter,auto,rrf,0.45,fixed,0.074
1395,50,0.8431,0.9609,0.8839,2.9684,492,204,252,11,0.0850,2,Shattsur/nemotron-smeta-4bit-adapter,auto,rrf,0.83,adaptive,0.138
1396,50,0.8254,0.9286,0.8771,2.9046,401,72,72,22,0.0139,4,Shattsur/nemotron-smeta-4bit-adapter,auto,weighted,0.29,adaptive,0.054
1397,50,0.8392,0.9119,0.8782,2.8995,184,63,159,11,0.0139,3,Shattsur/nemotron-smeta-4bit-adapter,auto,rrf,0.36,fixed,0.151
1398,50,0.8485,0.9390,0.8712,2.9337,300,169,99,10,0.1337,2,DiTy/cross-encoder-russian-msmarco,auto,weighted,0.16,adaptive,0.151
1399,50,0.8426,0.9205,0.8698,2.9040,232,246,297,10,0.0372,8,DiTy/cross-encoder-russian-msmarco,auto,weighted,0.70,fixed,0.193
1400,51,0.8484,0.9422,0.8800,2.9470,214,204,148,12,0.0641,2,Shattsur/nemotron-smeta-4bit-adapter,auto,weighted,0.74,fixed,0.151
1401,51,0.8179,0.8946,0.8719,2.8505,69,194,114,39,0.2095,4,Alibaba-NLP/gte-reranker-modernbert-base,auto,rrf,0.80,fixed,0.244
1402,51,0.8276,0.9370,0.8807,2.9208,184,51,72,46,0.1343,2,Shattsur/nemotron-smeta-4bit-adapter,auto,rrf,0.49,adaptive,0.057
1403,51,0.8331,0.8872,0.8807,2.8665,278,136,227,17,0.1318,7,Shattsur/nemotron-smeta-4bit-adapter,auto,rrf,0.85,adaptive,0.151
1404,51,0.8422,0.9377,0.8800,2.9354,377,290,48,10,0.0641,2,Shattsur/nemotron-smeta-4bit-adapter,auto,weighted,0.39,fixed,0.151
1405,51,0.8173,0.8963,0.8687,2.8484,116,282,99,31,0.0641,7,Alibaba-NLP/gte-reranker-modernbert-base,auto,rrf,0.34,adaptive,0.218
1406,51,0.7673,0.9127,0.8589,2.8073,184,31,266,20,0.0838,7,Shattsur/nemotron-smeta-4bit-adapter,auto,rrf,0.45,adaptive,0.237
1407,51,0.8187,0.9013,0.8643,2.8510,69,109,296,39,0.1711,5,Shattsur/nemotron-smeta-4bit-adapter,auto,rrf,0.80,adaptive,0.101
1408,51,0.8059,0.9373,0.8731,2.8911,146,205,99,12,0.2095,2,Shattsur/nemotron-smeta-4bit-adapter,auto,rrf,0.80,adaptive,0.202
1409,51,0.8339,0.9088,0.8700,2.8816,273,254,252,11,0.0867,5,Shattsur/nemotron-smeta-4bit-adapter,auto,rrf,0.49,adaptive,0.064
1410,51,0.8062,0.9376,0.8725,2.8910,69,205,287,19,0.2095,2,Shattsur/nemotron-smeta-4bit-adapter,auto,rrf,0.84,fixed,0.051
1411,51,0.8532,0.9213,0.8679,2.9135,377,272,297,10,0.0163,3,DiTy/cross-encoder-russian-msmarco,auto,weighted,0.49,fixed,0.151
1412,51,0.8276,0.9098,0.8724,2.8790,468,225,72,14,0.1379,6,Alibaba-NLP/gte-reranker-modernbert-base,auto,weighted,0.63,fixed,0.066
1413,51,0.8542,0.9391,0.8797,2.9488,306,169,207,10,0.1337,2,DiTy/cross-encoder-russian-msmarco,auto,weighted,0.34,adaptive,0.151
1414,51,0.8450,0.9624,0.8831,2.9713,184,63,252,18,0.0838,2,Shattsur/nemotron-smeta-4bit-adapter,auto,rrf,0.83,adaptive,0.157
1415,51,0.8211,0.9037,0.8721,2.8647,184,202,56,22,0.0838,8,Shattsur/nemotron-smeta-4bit-adapter,auto,weighted,0.30,adaptive,0.123
1416,51,0.8325,0.9311,0.8727,2.9098,35,225,296,39,0.1884,2,Alibaba-NLP/gte-reranker-modernbert-base,auto,weighted,0.80,adaptive,0.101
1417,51,0.8428,0.9411,0.8831,2.9436,360,205,99,39,0.1666,2,Shattsur/nemotron-smeta-4bit-adapter,auto,rrf,0.80,adaptive,0.123
1418,51,0.8496,0.9531,0.8804,2.9617,316,194,92,12,0.0976,2,Shattsur/nemotron-smeta-4bit-adapter,auto,weighted,0.88,fixed,0.151
1419,51,0.8339,0.9444,0.8712,2.9255,500,216,82,12,0.0845,2,Alibaba-NLP/gte-reranker-modernbert-base,auto,weighted,0.35,fixed,0.151
1420,51,0.8412,0.9279,0.8641,2.9052,334,194,160,12,0.0224,6,DiTy/cross-encoder-russian-msmarco,auto,rrf,0.37,adaptive,0.235
1421,51,0.8454,0.9370,0.8813,2.9392,278,17,222,17,0.0319,2,Shattsur/nemotron-smeta-4bit-adapter,auto,weighted,0.85,fixed,0.151
1422,51,0.8026,0.9171,0.8705,2.8607,117,134,297,14,0.1648,2,Shattsur/nemotron-smeta-4bit-adapter,auto,weighted,0.68,fixed,0.151
1423,51,0.8124,0.9025,0.8682,2.8505,69,109,276,10,0.0261,10,Alibaba-NLP/gte-reranker-modernbert-base,auto,weighted,0.45,adaptive,0.074
1424,51,0.8460,0.9081,0.8633,2.8854,69,109,207,39,0.2177,2,DiTy/cross-encoder-russian-msmarco,auto,weighted,0.80,fixed,0.101
1425,51,0.8441,0.9606,0.8834,2.9684,363,258,84,12,0.1306,2,Shattsur/nemotron-smeta-4bit-adapter,auto,rrf,0.45,adaptive,0.096
1426,51,0.8429,0.9611,0.8886,2.9736,431,120,160,20,0.0139,2,Shattsur/nemotron-smeta-4bit-adapter,auto,rrf,0.45,adaptive,0.151
1427,51,0.8289,0.9297,0.8723,2.9041,288,72,113,22,0.1337,2,Alibaba-NLP/gte-reranker-modernbert-base,auto,weighted,0.39,fixed,0.140
1428,52,0.8478,0.9265,0.8668,2.9131,163,259,262,48,0.1337,2,DiTy/cross-encoder-russian-msmarco,auto,weighted,0.39,adaptive,0.091
1429,52,0.8333,0.9287,0.8729,2.9078,440,204,252,11,0.0850,2,Alibaba-NLP/gte-reranker-modernbert-base,auto,rrf,0.83,fixed,0.138
1430,52,0.8390,0.9464,0.8716,2.9334,436,48,252,10,0.1442,2,Alibaba-NLP/gte-reranker-modernbert-base,auto,rrf,0.49,fixed,0.216
1431,52,0.8031,0.9188,0.8710,2.8637,69,205,153,14,0.0083,2,Shattsur/nemotron-smeta-4bit-adapter,auto,weighted,0.80,adaptive,0.165
1432,52,0.8486,0.9456,0.8721,2.9426,398,136,227,10,0.0163,2,DiTy/cross-encoder-russian-msmarco,auto,rrf,0.85,adaptive,0.109
1433,52,0.7705,0.9155,0.8548,2.8093,500,114,154,14,0.0139,2,Shattsur/nemotron-smeta-4bit-adapter,auto,weighted,0.14,adaptive,0.239
1434,52,0.8433,0.9298,0.8677,2.9135,69,67,252,10,0.2095,2,Alibaba-NLP/gte-reranker-modernbert-base,auto,weighted,0.80,adaptive,0.138
1435,52,0.8388,0.9508,0.8754,2.9426,431,114,12,11,0.0139,2,Alibaba-NLP/gte-reranker-modernbert-base,auto,rrf,0.45,fixed,0.074
1436,52,0.8459,0.9137,0.8640,2.8927,276,225,96,36,0.0372,2,DiTy/cross-encoder-russian-msmarco,auto,weighted,0.89,fixed,0.074
1437,52,0.8500,0.9513,0.8671,2.9454,500,169,207,10,0.0163,2,DiTy/cross-encoder-russian-msmarco,auto,rrf,0.34,adaptive,0.215
1438,52,0.7991,0.9224,0.8702,2.8631,10,145,99,12,0.0693,2,Shattsur/nemotron-smeta-4bit-adapter,auto,rrf,0.27,adaptive,0.177
1439,52,0.8509,0.9289,0.8768,2.9300,478,72,124,11,0.0261,2,DiTy/cross-encoder-russian-msmarco,auto,weighted,0.83,adaptive,0.151
1440,52,0.8160,0.9276,0.8662,2.8819,426,215,152,20,0.0261,4,Shattsur/nemotron-smeta-4bit-adapter,auto,weighted,0.14,adaptive,0.074
1441,52,0.8388,0.9129,0.8749,2.8966,116,298,252,12,0.0369,9,Shattsur/nemotron-smeta-4bit-adapter,auto,rrf,0.88,adaptive,0.157
1442,52,0.8476,0.9352,0.8716,2.9286,334,124,153,12,0.2208,4,DiTy/cross-encoder-russian-msmarco,auto,weighted,0.64,adaptive,0.244
1443,52,0.8451,0.9621,0.8837,2.9716,492,45,252,14,0.0850,2,Shattsur/nemotron-smeta-4bit-adapter,auto,rrf,0.43,fixed,0.061
1444,52,0.8441,0.9603,0.8872,2.9724,163,145,207,14,0.0139,2,Shattsur/nemotron-smeta-4bit-adapter,auto,rrf,0.45,adaptive,0.151
1445,52,0.8426,0.9614,0.8867,2.9716,328,217,207,20,0.0487,2,Shattsur/nemotron-smeta-4bit-adapter,auto,rrf,0.45,adaptive,0.066
1446,52,0.8362,0.9476,0.8796,2.9409,358,225,283,14,0.0139,2,Alibaba-NLP/gte-reranker-modernbert-base,auto,weighted,0.72,adaptive,0.074
1447,52,0.8438,0.9534,0.8838,2.9600,358,63,296,16,0.0139,2,Shattsur/nemotron-smeta-4bit-adapter,auto,rrf,0.83,fixed,0.103
1448,52,0.8370,0.9498,0.8733,2.9375,358,194,72,12,0.0139,2,Alibaba-NLP/gte-reranker-modernbert-base,auto,weighted,0.39,fixed,0.178
1449,52,0.8451,0.9621,0.8837,2.9716,500,51,272,16,0.0139,2,Shattsur/nemotron-smeta-4bit-adapter,auto,rrf,0.41,fixed,0.078
1450,52,0.8375,0.8799,0.8583,2.8375,316,194,257,10,0.0224,8,DiTy/cross-encoder-russian-msmarco,auto,rrf,0.67,fixed,0.151
1451,52,0.8333,0.9214,0.8816,2.9087,334,141,257,48,0.0224,2,Shattsur/nemotron-smeta-4bit-adapter,auto,rrf,0.67,fixed,0.229
1452,52,0.8438,0.9603,0.8870,2.9719,270,141,204,14,0.0139,2,Shattsur/nemotron-smeta-4bit-adapter,auto,rrf,0.84,fixed,0.226
1453,52,0.8413,0.9492,0.8764,2.9444,306,101,207,12,0.0641,2,Shattsur/nemotron-smeta-4bit-adapter,auto,weighted,0.34,adaptive,0.170
1454,52,0.8345,0.9399,0.8704,2.9198,25,136,227,12,0.0723,2,Alibaba-NLP/gte-reranker-modernbert-base,auto,rrf,0.85,adaptive,0.151
1455,52,0.8270,0.9331,0.8817,2.9166,238,57,197,47,0.0139,2,Shattsur/nemotron-smeta-4bit-adapter,auto,rrf,0.84,fixed,0.061
1456,53,0.8401,0.9147,0.8855,2.9118,35,225,207,14,0.1315,3,Shattsur/nemotron-smeta-4bit-adapter,auto,rrf,0.45,adaptive,0.151
1457,53,0.8249,0.9095,0.8672,2.8702,358,63,72,18,0.0567,8,Alibaba-NLP/gte-reranker-modernbert-base,auto,weighted,0.73,adaptive,0.141
1458,53,0.8458,0.9464,0.8789,2.9482,398,205,254,36,0.2095,2,Shattsur/nemotron-smeta-4bit-adapter,auto,weighted,0.80,adaptive,0.096
1459,53,0.8435,0.9603,0.8856,2.9701,500,89,281,14,0.0163,2,Shattsur/nemotron-smeta-4bit-adapter,auto,rrf,0.32,fixed,0.074
1460,53,0.8497,0.8792,0.8684,2.8599,112,114,281,10,0.1166,10,Shattsur/nemotron-smeta-4bit-adapter,auto,weighted,0.88,fixed,0.239
1461,53,0.8388,0.8841,0.8702,2.8570,61,72,96,39,0.0261,8,DiTy/cross-encoder-russian-msmarco,auto,weighted,0.89,adaptive,0.130
1462,53,0.8438,0.9603,0.8870,2.9719,431,145,207,14,0.0139,2,Shattsur/nemotron-smeta-4bit-adapter,auto,rrf,0.45,fixed,0.201
1463,53,0.8435,0.9598,0.8865,2.9704,136,194,252,12,0.0641,2,Shattsur/nemotron-smeta-4bit-adapter,auto,rrf,0.61,fixed,0.138
1464,53,0.8492,0.9203,0.8736,2.9146,431,225,74,14,0.1709,2,DiTy/cross-encoder-russian-msmarco,auto,weighted,0.34,adaptive,0.151
1465,53,0.7647,0.9043,0.8615,2.7975,356,225,207,41,0.1209,2,Shattsur/nemotron-smeta-4bit-adapter,auto,rrf,0.45,adaptive,0.229
1466,53,0.8431,0.9646,0.8837,2.9728,431,48,154,20,0.0139,2,Shattsur/nemotron-smeta-4bit-adapter,auto,rrf,0.45,adaptive,0.132
1467,53,0.8259,0.9281,0.8690,2.8955,232,76,128,10,0.0163,9,Shattsur/nemotron-smeta-4bit-adapter,auto,weighted,0.49,fixed,0.151
1468,53,0.8422,0.9355,0.8614,2.9123,405,204,112,11,0.1623,4,DiTy/cross-encoder-russian-msmarco,auto,rrf,0.83,adaptive,0.138
1469,53,0.8454,0.9370,0.8813,2.9392,10,88,258,18,0.0838,2,Shattsur/nemotron-smeta-4bit-adapter,auto,weighted,0.88,fixed,0.177
1470,53,0.8439,0.9344,0.8814,2.9348,30,215,222,18,0.1155,2,Shattsur/nemotron-smeta-4bit-adapter,auto,weighted,0.49,adaptive,0.157
1471,53,0.8321,0.9406,0.8724,2.9206,25,169,263,39,0.0390,2,Alibaba-NLP/gte-reranker-modernbert-base,auto,weighted,0.42,adaptive,0.165
1472,53,0.8377,0.9405,0.8772,2.9313,69,205,160,20,0.0139,5,Shattsur/nemotron-smeta-4bit-adapter,auto,weighted,0.80,adaptive,0.165
1473,53,0.8443,0.9608,0.8861,2.9720,280,193,72,14,0.0261,2,Shattsur/nemotron-smeta-4bit-adapter,auto,rrf,0.24,adaptive,0.151
1474,53,0.8424,0.9256,0.8653,2.9049,472,256,291,10,0.1229,5,DiTy/cross-encoder-russian-msmarco,auto,rrf,0.45,adaptive,0.133
1475,53,0.8487,0.9424,0.8786,2.9461,10,141,99,12,0.0641,2,Shattsur/nemotron-smeta-4bit-adapter,auto,weighted,0.69,fixed,0.187
1476,53,0.8334,0.8782,0.8641,2.8378,35,225,262,14,0.0716,9,DiTy/cross-encoder-russian-msmarco,auto,weighted,0.45,adaptive,0.151
1477,53,0.8436,0.9285,0.8604,2.9043,472,256,96,14,0.0956,2,DiTy/cross-encoder-russian-msmarco,auto,rrf,0.18,adaptive,0.130
1478,53,0.8000,0.9344,0.8733,2.8819,345,194,257,10,0.1669,2,Shattsur/nemotron-smeta-4bit-adapter,auto,rrf,0.67,fixed,0.157
1479,53,0.8424,0.9419,0.8842,2.9453,328,139,72,34,0.0487,2,Shattsur/nemotron-smeta-4bit-adapter,auto,rrf,0.45,fixed,0.057
1480,53,0.8458,0.9115,0.8633,2.8892,472,256,96,47,0.0139,2,DiTy/cross-encoder-russian-msmarco,auto,weighted,0.89,fixed,0.130
1481,53,0.8478,0.9345,0.8708,2.9271,184,145,99,10,0.0838,2,DiTy/cross-encoder-russian-msmarco,auto,rrf,0.34,fixed,0.123
1482,53,0.8312,0.8711,0.8784,2.8428,226,109,99,18,0.0838,7,Shattsur/nemotron-smeta-4bit-adapter,auto,rrf,0.41,adaptive,0.123
1483,53,0.8445,0.9363,0.8844,2.9409,33,63,72,14,0.0139,2,Shattsur/nemotron-smeta-4bit-adapter,auto,rrf,0.83,adaptive,0.151
1484,54,0.8290,0.9044,0.8776,2.8796,232,243,185,12,0.0224,3,Alibaba-NLP/gte-reranker-modernbert-base,auto,rrf,0.49,adaptive,0.151
1485,54,0.8302,0.9351,0.8705,2.9099,431,293,203,26,0.0737,8,Shattsur/nemotron-smeta-4bit-adapter,auto,rrf,0.45,adaptive,0.151
1486,54,0.8231,0.9198,0.8751,2.8895,128,59,296,39,0.1348,4,Shattsur/nemotron-smeta-4bit-adapter,auto,rrf,0.10,fixed,0.101
1487,54,0.8458,0.9115,0.8633,2.8892,232,256,46,48,0.2175,2,DiTy/cross-encoder-russian-msmarco,auto,weighted,0.89,fixed,0.151
1488,54,0.8285,0.9287,0.8760,2.9065,334,292,257,25,0.0139,4,Shattsur/nemotron-smeta-4bit-adapter,auto,weighted,0.45,fixed,0.132
1489,54,0.8500,0.9513,0.8671,2.9454,232,225,207,10,0.0163,2,DiTy/cross-encoder-russian-msmarco,auto,rrf,0.45,adaptive,0.151
1490,54,0.8457,0.9370,0.8815,2.9397,184,63,166,21,0.0139,2,Shattsur/nemotron-smeta-4bit-adapter,auto,weighted,0.83,adaptive,0.151
1491,54,0.8311,0.9380,0.8728,2.9167,500,197,118,48,0.0163,2,Alibaba-NLP/gte-reranker-modernbert-base,auto,weighted,0.35,fixed,0.244
1492,54,0.8453,0.9521,0.8840,2.9602,272,48,252,18,0.2068,2,Shattsur/nemotron-smeta-4bit-adapter,auto,rrf,0.49,adaptive,0.157
1493,54,0.8425,0.8977,0.8686,2.8751,400,169,62,14,0.1337,8,DiTy/cross-encoder-russian-msmarco,auto,weighted,0.83,adaptive,0.207
1494,54,0.8472,0.9430,0.8808,2.9477,69,256,290,15,0.1081,2,Shattsur/nemotron-smeta-4bit-adapter,auto,weighted,0.80,fixed,0.165
1495,54,0.8317,0.9070,0.8730,2.8804,214,120,72,27,0.0527,9,Shattsur/nemotron-smeta-4bit-adapter,auto,rrf,0.74,adaptive,0.147
1496,54,0.8339,0.8942,0.8678,2.8616,334,169,257,22,0.1337,7,DiTy/cross-encoder-russian-msmarco,auto,rrf,0.39,fixed,0.151
1497,54,0.8514,0.9266,0.8746,2.9253,500,222,21,12,0.0693,2,DiTy/cross-encoder-russian-msmarco,auto,rrf,0.35,fixed,0.069
1498,54,0.8307,0.9401,0.8721,2.9180,356,141,207,20,0.0067,2,Alibaba-NLP/gte-reranker-modernbert-base,auto,weighted,0.45,fixed,0.098
1499,54,0.8438,0.9535,0.8842,2.9607,358,63,72,14,0.0139,2,Shattsur/nemotron-smeta-4bit-adapter,auto,rrf,0.83,fixed,0.151
1500,54,0.8450,0.9245,0.8815,2.9240,195,194,99,22,0.0641,2,Shattsur/nemotron-smeta-4bit-adapter,auto,weighted,0.64,fixed,0.151
1501,54,0.8473,0.9468,0.8784,2.9497,306,48,94,10,0.1337,2,Shattsur/nemotron-smeta-4bit-adapter,auto,weighted,0.56,adaptive,0.151
1502,54,0.8256,0.9061,0.8742,2.8745,42,65,252,26,0.0838,10,Shattsur/nemotron-smeta-4bit-adapter,auto,rrf,0.45,adaptive,0.151
1503,54,0.8331,0.9195,0.8767,2.9009,334,114,281,12,0.0224,4,Shattsur/nemotron-smeta-4bit-adapter,auto,rrf,0.35,adaptive,0.053
1504,54,0.8450,0.9626,0.8835,2.9719,184,63,72,14,0.0139,2,Shattsur/nemotron-smeta-4bit-adapter,auto,rrf,0.83,adaptive,0.151
1505,54,0.8217,0.9099,0.8689,2.8694,334,172,120,20,0.1291,7,Alibaba-NLP/gte-reranker-modernbert-base,auto,rrf,0.67,fixed,0.151
1506,54,0.8333,0.8948,0.8664,2.8601,57,194,257,10,0.0224,10,DiTy/cross-encoder-russian-msmarco,auto,rrf,0.20,fixed,0.151
1507,54,0.8322,0.8986,0.8748,2.8728,431,181,72,24,0.1306,6,Shattsur/nemotron-smeta-4bit-adapter,auto,rrf,0.45,fixed,0.057
1508,54,0.8435,0.9598,0.8865,2.9704,109,194,207,12,0.0641,2,Shattsur/nemotron-smeta-4bit-adapter,auto,rrf,0.46,fixed,0.209
1509,54,0.8031,0.9191,0.8714,2.8646,299,145,207,14,0.0139,2,Shattsur/nemotron-smeta-4bit-adapter,auto,weighted,0.45,adaptive,0.191
1510,54,0.8222,0.8991,0.8675,2.8554,399,120,193,16,0.1790,8,Shattsur/nemotron-smeta-4bit-adapter,auto,weighted,0.12,adaptive,0.165
1511,54,0.8483,0.9390,0.8778,2.9406,358,169,129,10,0.0866,2,Shattsur/nemotron-smeta-4bit-adapter,auto,weighted,0.83,fixed,0.151
1512,55,0.8082,0.9026,0.8492,2.8254,431,120,160,47,0.0716,10,Shattsur/nemotron-smeta-4bit-adapter,auto,weighted,0.45,adaptive,0.052
1513,55,0.8029,0.9194,0.8702,2.8635,431,48,72,20,0.1576,2,Shattsur/nemotron-smeta-4bit-adapter,auto,weighted,0.45,adaptive,0.173
1514,55,0.8483,0.9360,0.8733,2.9321,500,63,240,10,0.0260,2,DiTy/cross-encoder-russian-msmarco,auto,rrf,0.35,fixed,0.239
1515,55,0.8342,0.9124,0.8745,2.8910,100,145,230,14,0.0104,9,Shattsur/nemotron-smeta-4bit-adapter,auto,rrf,0.45,adaptive,0.151
1516,55,0.8017,0.9212,0.8693,2.8634,33,63,48,10,0.0944,2,Shattsur/nemotron-smeta-4bit-adapter,auto,rrf,0.83,adaptive,0.172
1517,55,0.8456,0.9325,0.8625,2.9134,184,212,72,14,0.0889,2,DiTy/cross-encoder-russian-msmarco,auto,rrf,0.44,adaptive,0.151
1518,55,0.7951,0.9084,0.8641,2.8357,205,48,154,11,0.0139,5,Shattsur/nemotron-smeta-4bit-adapter,auto,rrf,0.45,adaptive,0.168
1519,55,0.8483,0.9390,0.8778,2.9406,35,256,138,10,0.2095,2,Shattsur/nemotron-smeta-4bit-adapter,auto,weighted,0.80,adaptive,0.065
1520,55,0.7644,0.8958,0.8545,2.7793,500,51,72,24,0.1306,6,Shattsur/nemotron-smeta-4bit-adapter,auto,weighted,0.88,adaptive,0.244
1521,55,0.7905,0.9091,0.8639,2.8317,350,30,207,12,0.0514,2,Shattsur/nemotron-smeta-4bit-adapter,auto,weighted,0.12,adaptive,0.151
1522,55,0.8417,0.9233,0.8657,2.9020,163,145,207,43,0.0693,4,DiTy/cross-encoder-russian-msmarco,auto,weighted,0.45,fixed,0.151
1523,55,0.8378,0.9267,0.8801,2.9179,431,63,207,39,0.0139,3,Shattsur/nemotron-smeta-4bit-adapter,auto,weighted,0.83,adaptive,0.151
1524,55,0.7644,0.9124,0.8541,2.7987,500,145,131,12,0.0693,6,Shattsur/nemotron-smeta-4bit-adapter,auto,rrf,0.35,adaptive,0.239
1525,55,0.8261,0.9195,0.8767,2.8939,431,125,72,22,0.1306,9,Shattsur/nemotron-smeta-4bit-adapter,auto,rrf,0.45,adaptive,0.057
1526,55,0.7985,0.8971,0.8742,2.8366,376,51,259,24,0.1263,3,Shattsur/nemotron-smeta-4bit-adapter,auto,rrf,0.34,adaptive,0.189
1527,55,0.8448,0.9395,0.8827,2.9432,111,63,72,28,0.0139,2,Shattsur/nemotron-smeta-4bit-adapter,auto,rrf,0.83,fixed,0.215
1528,55,0.8240,0.9364,0.8814,2.9173,33,63,46,47,0.2167,2,Shattsur/nemotron-smeta-4bit-adapter,auto,rrf,0.60,adaptive,0.151
1529,55,0.8208,0.9106,0.8667,2.8669,500,114,281,42,0.0163,5,Alibaba-NLP/gte-reranker-modernbert-base,auto,rrf,0.35,fixed,0.147
1530,55,0.8230,0.9121,0.8317,2.8323,10,144,238,12,0.0716,9,Shattsur/nemotron-smeta-4bit-adapter,auto,rrf,0.45,fixed,0.212
1531,55,0.8397,0.9356,0.8810,2.9315,184,63,19,18,0.0139,2,Shattsur/nemotron-smeta-4bit-adapter,auto,weighted,0.34,adaptive,0.123
1532,55,0.8321,0.9222,0.8785,2.9051,358,63,72,14,0.1196,7,Shattsur/nemotron-smeta-4bit-adapter,auto,rrf,0.83,fixed,0.089
1533,55,0.8351,0.9224,0.8781,2.9079,116,102,99,12,0.0741,6,Shattsur/nemotron-smeta-4bit-adapter,auto,weighted,0.75,fixed,0.177
1534,55,0.8368,0.9214,0.8846,2.9155,163,145,154,15,0.0139,4,Shattsur/nemotron-smeta-4bit-adapter,auto,rrf,0.45,adaptive,0.151
1535,55,0.8283,0.9046,0.8749,2.8761,356,225,207,20,0.0716,6,Shattsur/nemotron-smeta-4bit-adapter,auto,rrf,0.46,adaptive,0.074
1536,55,0.8496,0.9303,0.8659,2.9184,334,239,99,35,0.0838,2,DiTy/cross-encoder-russian-msmarco,auto,rrf,0.67,adaptive,0.137
1537,55,0.8440,0.9606,0.8855,2.9708,204,226,178,18,0.0163,2,Shattsur/nemotron-smeta-4bit-adapter,auto,rrf,0.49,adaptive,0.135
1538,55,0.8334,0.9095,0.8639,2.8751,262,194,257,14,0.0468,7,DiTy/cross-encoder-russian-msmarco,auto,rrf,0.83,fixed,0.151
1539,55,0.8098,0.9314,0.8694,2.8838,10,225,262,30,0.0641,2,Shattsur/nemotron-smeta-4bit-adapter,auto,weighted,0.67,adaptive,0.208
1540,56,0.8424,0.9419,0.8842,2.9453,163,145,262,38,0.0693,2,Shattsur/nemotron-smeta-4bit-adapter,auto,rrf,0.79,fixed,0.151
1541,56,0.8369,0.9389,0.8718,2.9226,163,288,154,10,0.1273,10,Shattsur/nemotron-smeta-4bit-adapter,auto,rrf,0.39,fixed,0.132
1542,56,0.8462,0.9408,0.8828,2.9462,358,142,72,14,0.0563,2,Shattsur/nemotron-smeta-4bit-adapter,auto,weighted,0.83,adaptive,0.151
1543,56,0.8438,0.9603,0.8870,2.9719,260,120,140,14,0.0139,2,Shattsur/nemotron-smeta-4bit-adapter,auto,rrf,0.45,fixed,0.140
1544,56,0.8436,0.9345,0.8812,2.9343,75,226,23,18,0.1950,2,Shattsur/nemotron-smeta-4bit-adapter,auto,weighted,0.45,adaptive,0.135
1545,56,0.8427,0.9419,0.8844,2.9458,83,109,296,33,0.2095,2,Shattsur/nemotron-smeta-4bit-adapter,auto,rrf,0.11,adaptive,0.151
1546,56,0.8424,0.9377,0.8795,2.9351,184,51,72,15,0.0808,2,Shattsur/nemotron-smeta-4bit-adapter,auto,weighted,0.35,adaptive,0.057
1547,56,0.8454,0.9333,0.8828,2.9365,73,194,207,14,0.0976,2,Shattsur/nemotron-smeta-4bit-adapter,auto,weighted,0.45,fixed,0.201
1548,56,0.8492,0.9203,0.8736,2.9146,306,28,207,14,0.0139,2,DiTy/cross-encoder-russian-msmarco,auto,weighted,0.34,adaptive,0.151
1549,56,0.8378,0.9285,0.8820,2.9222,214,120,92,12,0.0976,6,Shattsur/nemotron-smeta-4bit-adapter,auto,weighted,0.74,adaptive,0.133
1550,56,0.8438,0.9603,0.8858,2.9706,163,88,207,14,0.0693,2,Shattsur/nemotron-smeta-4bit-adapter,auto,rrf,0.45,adaptive,0.151
1551,56,0.8505,0.9334,0.8784,2.9368,500,63,72,14,0.1070,2,DiTy/cross-encoder-russian-msmarco,auto,weighted,0.73,fixed,0.151
1552,56,0.8340,0.8630,0.8693,2.8258,356,63,207,37,0.0332,8,DiTy/cross-encoder-russian-msmarco,auto,rrf,0.45,fixed,0.074
1553,56,0.7637,0.9135,0.8631,2.8093,479,169,154,23,0.0139,2,Shattsur/nemotron-smeta-4bit-adapter,auto,rrf,0.34,adaptive,0.249
1554,56,0.8335,0.8955,0.8784,2.8743,184,83,99,18,0.0838,5,Shattsur/nemotron-smeta-4bit-adapter,auto,rrf,0.11,adaptive,0.094
1555,56,0.8493,0.9344,0.8641,2.9212,148,139,72,10,0.0469,2,DiTy/cross-encoder-russian-msmarco,auto,rrf,0.17,adaptive,0.151
1556,56,0.8142,0.9313,0.8788,2.8985,431,120,222,36,0.0139,2,Shattsur/nemotron-smeta-4bit-adapter,auto,weighted,0.10,adaptive,0.165
1557,56,0.7700,0.9026,0.8547,2.7933,472,256,257,14,0.0657,10,Shattsur/nemotron-smeta-4bit-adapter,auto,weighted,0.45,adaptive,0.244
1558,56,0.8437,0.9330,0.8684,2.9186,334,194,48,10,0.0224,2,Alibaba-NLP/gte-reranker-modernbert-base,auto,weighted,0.85,fixed,0.151
1559,56,0.8448,0.9451,0.8807,2.9477,69,225,222,17,0.0716,2,Shattsur/nemotron-smeta-4bit-adapter,auto,weighted,0.54,adaptive,0.165
1560,56,0.8489,0.9532,0.8825,2.9635,214,120,219,12,0.0976,2,Shattsur/nemotron-smeta-4bit-adapter,auto,weighted,0.88,adaptive,0.151
1561,56,0.8346,0.9101,0.8703,2.8842,93,145,207,22,0.1090,2,Alibaba-NLP/gte-reranker-modernbert-base,auto,rrf,0.10,adaptive,0.151
1562,56,0.8408,0.9552,0.8850,2.9606,431,120,257,34,0.0224,2,Shattsur/nemotron-smeta-4bit-adapter,auto,rrf,0.83,fixed,0.151
1563,56,0.8484,0.9201,0.8683,2.9076,69,109,93,39,0.0505,2,DiTy/cross-encoder-russian-msmarco,auto,rrf,0.80,fixed,0.101
1564,56,0.8431,0.9599,0.8850,2.9686,306,120,143,10,0.1337,2,Shattsur/nemotron-smeta-4bit-adapter,auto,rrf,0.45,adaptive,0.151
1565,56,0.8475,0.9404,0.8796,2.9435,86,134,166,10,0.1138,2,Shattsur/nemotron-smeta-4bit-adapter,auto,weighted,0.83,adaptive,0.151
1566,56,0.8415,0.9342,0.8816,2.9324,18,48,172,20,0.0139,2,Shattsur/nemotron-smeta-4bit-adapter,auto,rrf,0.45,adaptive,0.132
1567,56,0.8276,0.9232,0.8720,2.8947,356,225,207,42,0.0716,6,Shattsur/nemotron-smeta-4bit-adapter,auto,rrf,0.36,adaptive,0.074
1568,57,0.8478,0.9385,0.8775,2.9393,69,49,222,10,0.1337,2,Shattsur/nemotron-smeta-4bit-adapter,auto,weighted,0.80,fixed,0.167
1569,57,0.8001,0.9278,0.8732,2.8739,184,63,72,37,0.2020,2,Shattsur/nemotron-smeta-4bit-adapter,auto,rrf,0.41,fixed,0.151
1570,57,0.8461,0.9505,0.8817,2.9567,306,37,207,20,0.0716,2,Shattsur/nemotron-smeta-4bit-adapter,auto,rrf,0.45,fixed,0.169
1571,57,0.8136,0.8981,0.8709,2.8493,431,48,276,41,0.0139,9,Shattsur/nemotron-smeta-4bit-adapter,auto,weighted,0.49,adaptive,0.158
1572,57,0.8424,0.9287,0.8677,2.9113,334,194,257,18,0.0224,2,DiTy/cross-encoder-russian-msmarco,auto,rrf,0.49,fixed,0.135
1573,57,0.8435,0.9530,0.8849,2.9605,230,51,178,21,0.0163,2,Shattsur/nemotron-smeta-4bit-adapter,auto,rrf,0.31,adaptive,0.057
1574,57,0.8422,0.8931,0.8670,2.8675,432,48,219,12,0.0976,8,DiTy/cross-encoder-russian-msmarco,auto,weighted,0.88,adaptive,0.132
1575,57,0.8270,0.9158,0.8739,2.8874,73,48,154,21,0.0139,8,Shattsur/nemotron-smeta-4bit-adapter,auto,rrf,0.45,fixed,0.201
1576,57,0.8278,0.8923,0.8755,2.8617,204,226,178,24,0.2218,3,Alibaba-NLP/gte-reranker-modernbert-base,auto,rrf,0.64,fixed,0.135
1577,57,0.7699,0.9158,0.8547,2.8091,426,194,12,12,0.1037,10,Shattsur/nemotron-smeta-4bit-adapter,auto,rrf,0.45,adaptive,0.244
1578,57,0.8336,0.9404,0.8700,2.9190,184,200,296,14,0.0139,2,Alibaba-NLP/gte-reranker-modernbert-base,auto,weighted,0.43,adaptive,0.101
1579,57,0.8430,0.9604,0.8837,2.9676,478,194,257,10,0.0261,2,Shattsur/nemotron-smeta-4bit-adapter,auto,rrf,0.83,fixed,0.074
1580,57,0.8441,0.9606,0.8834,2.9684,472,194,96,12,0.0372,2,Shattsur/nemotron-smeta-4bit-adapter,auto,rrf,0.89,fixed,0.151
1581,57,0.8495,0.9203,0.8736,2.9149,124,286,288,14,0.0289,2,DiTy/cross-encoder-russian-msmarco,auto,weighted,0.24,adaptive,0.151
1582,57,0.8437,0.9335,0.8662,2.9168,184,63,256,10,0.1531,4,DiTy/cross-encoder-russian-msmarco,auto,rrf,0.83,adaptive,0.151
1583,57,0.8299,0.9277,0.8673,2.8971,347,206,74,20,0.0139,2,Shattsur/nemotron-smeta-4bit-adapter,auto,weighted,0.13,adaptive,0.132
1584,57,0.8441,0.9603,0.8872,2.9724,210,145,207,14,0.0139,2,Shattsur/nemotron-smeta-4bit-adapter,auto,rrf,0.33,adaptive,0.151
1585,57,0.8197,0.9058,0.8675,2.8610,35,245,207,12,0.2011,6,Alibaba-NLP/gte-reranker-modernbert-base,auto,rrf,0.31,adaptive,0.157
1586,57,0.8014,0.8557,0.8331,2.7446,500,140,281,10,0.1128,4,DiTy/cross-encoder-russian-msmarco,auto,weighted,0.35,fixed,0.244
1587,57,0.8426,0.9611,0.8883,2.9731,431,120,207,20,0.0139,2,Shattsur/nemotron-smeta-4bit-adapter,auto,rrf,0.43,adaptive,0.096
1588,57,0.8324,0.8936,0.8777,2.8701,116,120,160,33,0.0139,5,Shattsur/nemotron-smeta-4bit-adapter,auto,weighted,0.88,fixed,0.177
1589,57,0.8445,0.9363,0.8844,2.9409,33,63,140,14,0.0139,2,Shattsur/nemotron-smeta-4bit-adapter,auto,rrf,0.83,adaptive,0.151
1590,57,0.8410,0.9342,0.8718,2.9211,431,166,154,20,0.0139,3,DiTy/cross-encoder-russian-msmarco,auto,rrf,0.45,adaptive,0.132
1591,57,0.8145,0.8718,0.8664,2.8137,27,194,257,12,0.0224,6,Alibaba-NLP/gte-reranker-modernbert-base,auto,weighted,0.24,adaptive,0.244
1592,57,0.8522,0.9316,0.8764,2.9342,163,83,257,12,0.2036,2,DiTy/cross-encoder-russian-msmarco,auto,weighted,0.50,fixed,0.244
1593,57,0.8336,0.9445,0.8833,2.9386,115,48,27,23,0.0838,3,Shattsur/nemotron-smeta-4bit-adapter,auto,rrf,0.11,adaptive,0.123
1594,57,0.8230,0.8885,0.8590,2.8342,500,114,281,14,0.0372,9,DiTy/cross-encoder-russian-msmarco,auto,weighted,0.35,fixed,0.239
1595,57,0.8272,0.8803,0.8771,2.8484,204,226,178,18,0.0163,7,Shattsur/nemotron-smeta-4bit-adapter,auto,rrf,0.49,adaptive,0.095
1596,58,0.8423,0.9532,0.8830,2.9575,478,72,64,39,0.0261,2,Shattsur/nemotron-smeta-4bit-adapter,auto,rrf,0.80,adaptive,0.101
1597,58,0.8365,0.9523,0.8691,2.9353,232,145,134,11,0.1663,4,Shattsur/nemotron-smeta-4bit-adapter,auto,weighted,0.49,adaptive,0.074
1598,58,0.8426,0.9403,0.8672,2.9250,73,194,186,12,0.0976,4,DiTy/cross-encoder-russian-msmarco,auto,rrf,0.45,adaptive,0.244
1599,58,0.8228,0.9147,0.8787,2.8870,465,120,251,23,0.0976,4,Alibaba-NLP/gte-reranker-modernbert-base,auto,rrf,0.88,adaptive,0.074
1600,58,0.8419,0.9327,0.8870,2.9368,35,225,207,20,0.0139,2,Shattsur/nemotron-smeta-4bit-adapter,auto,rrf,0.45,adaptive,0.151
1601,58,0.8509,0.9289,0.8768,2.9300,358,114,72,10,0.0759,2,DiTy/cross-encoder-russian-msmarco,auto,weighted,0.83,adaptive,0.183
1602,58,0.8044,0.9367,0.8747,2.8907,163,134,72,14,0.2228,2,Shattsur/nemotron-smeta-4bit-adapter,auto,rrf,0.45,fixed,0.188
1603,58,0.8390,0.9124,0.8635,2.8838,69,267,48,10,0.1337,6,DiTy/cross-encoder-russian-msmarco,auto,weighted,0.39,adaptive,0.151
1604,58,0.8328,0.9402,0.8721,2.9203,184,74,72,14,0.0139,5,Shattsur/nemotron-smeta-4bit-adapter,auto,rrf,0.42,fixed,0.132
1605,58,0.8497,0.9190,0.8667,2.9059,115,63,207,24,0.0746,2,DiTy/cross-encoder-russian-msmarco,auto,rrf,0.83,fixed,0.246
1606,58,0.8483,0.9451,0.8802,2.9507,472,123,33,14,0.0693,2,Shattsur/nemotron-smeta-4bit-adapter,auto,weighted,0.89,fixed,0.151
1607,58,0.8412,0.9459,0.8857,2.9507,54,181,154,20,0.0139,2,Shattsur/nemotron-smeta-4bit-adapter,auto,rrf,0.45,adaptive,0.132
1608,58,0.8413,0.9223,0.8863,2.9231,36,88,207,24,0.1306,2,Shattsur/nemotron-smeta-4bit-adapter,auto,rrf,0.45,adaptive,0.151
1609,58,0.8435,0.9530,0.8849,2.9605,263,48,154,20,0.1287,2,Shattsur/nemotron-smeta-4bit-adapter,auto,rrf,0.45,fixed,0.070
1610,58,0.8435,0.9603,0.8856,2.9701,163,88,187,14,0.0531,2,Shattsur/nemotron-smeta-4bit-adapter,auto,rrf,0.30,adaptive,0.085
1611,58,0.8350,0.8838,0.8764,2.8596,358,142,72,14,0.0563,10,Shattsur/nemotron-smeta-4bit-adapter,auto,weighted,0.78,adaptive,0.096
1612,58,0.8264,0.8954,0.8714,2.8595,170,71,153,12,0.0098,8,Shattsur/nemotron-smeta-4bit-adapter,auto,weighted,0.45,adaptive,0.083
1613,58,0.8375,0.9490,0.8815,2.9459,431,243,48,20,0.0139,2,Shattsur/nemotron-smeta-4bit-adapter,auto,weighted,0.31,adaptive,0.151
1614,58,0.8316,0.9298,0.8719,2.9065,283,63,72,26,0.0139,2,Alibaba-NLP/gte-reranker-modernbert-base,auto,rrf,0.83,adaptive,0.151
1615,58,0.8415,0.8816,0.8744,2.8612,472,108,51,12,0.0372,9,DiTy/cross-encoder-russian-msmarco,auto,weighted,0.89,adaptive,0.112
1616,58,0.8442,0.9502,0.8841,2.9569,333,51,72,14,0.1306,2,Shattsur/nemotron-smeta-4bit-adapter,auto,rrf,0.83,adaptive,0.057
1617,58,0.8443,0.9536,0.8820,2.9589,253,223,35,39,0.1687,2,Shattsur/nemotron-smeta-4bit-adapter,auto,weighted,0.82,adaptive,0.062
1618,58,0.8460,0.9280,0.8682,2.9146,163,194,50,14,0.0693,2,DiTy/cross-encoder-russian-msmarco,auto,rrf,0.42,fixed,0.151
1619,58,0.8222,0.9299,0.8709,2.8962,500,225,281,10,0.0386,6,Alibaba-NLP/gte-reranker-modernbert-base,auto,weighted,0.45,fixed,0.218
1620,58,0.8456,0.9536,0.8822,2.9603,69,145,130,39,0.1931,2,Shattsur/nemotron-smeta-4bit-adapter,auto,weighted,0.80,adaptive,0.151
1621,58,0.8461,0.9348,0.8824,2.9385,306,63,207,14,0.0548,2,Shattsur/nemotron-smeta-4bit-adapter,auto,weighted,0.83,adaptive,0.151
1622,58,0.8427,0.9227,0.8650,2.9015,180,120,99,12,0.0139,2,DiTy/cross-encoder-russian-msmarco,auto,rrf,0.39,fixed,0.151
1623,58,0.8429,0.9430,0.8840,2.9469,35,177,109,14,0.0255,2,Shattsur/nemotron-smeta-4bit-adapter,auto,rrf,0.45,fixed,0.151
1624,59,0.8363,0.8959,0.8654,2.8634,334,114,257,10,0.0227,9,DiTy/cross-encoder-russian-msmarco,auto,rrf,0.35,fixed,0.239
1625,59,0.8440,0.9347,0.8846,2.9388,33,145,297,14,0.0139,2,Shattsur/nemotron-smeta-4bit-adapter,auto,rrf,0.83,adaptive,0.151
1626,59,0.7632,0.9130,0.8628,2.8079,171,114,154,20,0.1009,2,Shattsur/nemotron-smeta-4bit-adapter,auto,rrf,0.45,adaptive,0.239
1627,59,0.8416,0.9385,0.8838,2.9400,138,225,109,26,0.1815,2,Shattsur/nemotron-smeta-4bit-adapter,auto,weighted,0.45,adaptive,0.151
1628,59,0.8435,0.9446,0.8722,2.9364,334,194,257,14,0.0153,4,DiTy/cross-encoder-russian-msmarco,auto,weighted,0.45,fixed,0.244
1629,59,0.8426,0.9546,0.8847,2.9613,431,156,160,33,0.2304,2,Shattsur/nemotron-smeta-4bit-adapter,auto,rrf,0.45,adaptive,0.060
1630,59,0.8286,0.9377,0.8661,2.9066,500,51,207,20,0.0716,2,Shattsur/nemotron-smeta-4bit-adapter,auto,weighted,0.12,adaptive,0.057
1631,59,0.7521,0.9003,0.8592,2.7776,163,223,281,36,0.1126,2,Shattsur/nemotron-smeta-4bit-adapter,auto,weighted,0.14,adaptive,0.234
1632,59,0.8294,0.9364,0.8690,2.9090,240,18,140,20,0.0139,8,Shattsur/nemotron-smeta-4bit-adapter,auto,rrf,0.83,adaptive,0.063
1633,59,0.8491,0.9360,0.8721,2.9316,291,191,157,14,0.0163,2,DiTy/cross-encoder-russian-msmarco,auto,weighted,0.11,adaptive,0.074
1634,59,0.8439,0.9542,0.8827,2.9599,184,63,72,10,0.1753,2,Shattsur/nemotron-smeta-4bit-adapter,auto,rrf,0.83,adaptive,0.134
1635,59,0.7632,0.9130,0.8628,2.8079,163,88,207,20,0.1436,2,Shattsur/nemotron-smeta-4bit-adapter,auto,rrf,0.45,adaptive,0.233
1636,59,0.8426,0.9614,0.8867,2.9716,75,205,160,20,0.0716,2,Shattsur/nemotron-smeta-4bit-adapter,auto,rrf,0.45,adaptive,0.073
1637,59,0.8426,0.9359,0.8656,2.9179,56,106,118,24,0.1306,4,DiTy/cross-encoder-russian-msmarco,auto,rrf,0.45,adaptive,0.057
1638,59,0.8311,0.9420,0.8818,2.9315,35,72,262,33,0.0716,2,Shattsur/nemotron-smeta-4bit-adapter,auto,weighted,0.45,adaptive,0.074
1639,59,0.8042,0.9401,0.8710,2.8904,26,103,207,14,0.0139,2,Shattsur/nemotron-smeta-4bit-adapter,auto,rrf,0.45,adaptive,0.195
1640,59,0.8414,0.9338,0.8728,2.9221,472,213,96,14,0.0812,2,Alibaba-NLP/gte-reranker-modernbert-base,auto,weighted,0.89,fixed,0.130
1641,59,0.8288,0.9260,0.8740,2.9014,163,145,257,30,0.0693,2,Alibaba-NLP/gte-reranker-modernbert-base,auto,weighted,0.45,adaptive,0.244
1642,59,0.8461,0.9467,0.8727,2.9422,294,194,96,14,0.0372,4,DiTy/cross-encoder-russian-msmarco,auto,weighted,0.45,adaptive,0.244
1643,59,0.8378,0.8929,0.8713,2.8677,356,225,116,14,0.0139,10,Shattsur/nemotron-smeta-4bit-adapter,auto,weighted,0.83,fixed,0.247
1644,59,0.8160,0.8632,0.8653,2.8037,500,223,236,24,0.0139,9,Alibaba-NLP/gte-reranker-modernbert-base,auto,weighted,0.45,adaptive,0.151
1645,59,0.8354,0.9097,0.8766,2.8913,227,176,207,10,0.0976,6,Shattsur/nemotron-smeta-4bit-adapter,auto,weighted,0.34,adaptive,0.151
1646,59,0.8417,0.9105,0.8695,2.8907,472,256,72,14,0.0563,9,DiTy/cross-encoder-russian-msmarco,auto,weighted,0.89,fixed,0.083
1647,59,0.8286,0.9184,0.8707,2.8885,184,45,72,14,0.0139,10,Shattsur/nemotron-smeta-4bit-adapter,auto,rrf,0.61,adaptive,0.068
1648,59,0.8467,0.9130,0.8741,2.9038,10,270,99,25,0.1306,2,DiTy/cross-encoder-russian-msmarco,auto,weighted,0.83,fixed,0.223
1649,59,0.7591,0.8823,0.8605,2.7644,466,63,98,45,0.0139,2,Shattsur/nemotron-smeta-4bit-adapter,auto,rrf,0.73,adaptive,0.236
1650,59,0.8321,0.9424,0.8779,2.9287,356,225,207,20,0.0716,4,Shattsur/nemotron-smeta-4bit-adapter,auto,rrf,0.45,fixed,0.074
1651,59,0.8219,0.8974,0.8656,2.8509,414,11,174,14,0.0372,5,Alibaba-NLP/gte-reranker-modernbert-base,auto,weighted,0.31,fixed,0.154
1652,60,0.8538,0.9465,0.8771,2.9545,500,114,141,12,0.0163,2,DiTy/cross-encoder-russian-msmarco,auto,weighted,0.88,fixed,0.151
1653,60,0.8337,0.9181,0.8733,2.8960,116,141,13,12,0.0641,7,Shattsur/nemotron-smeta-4bit-adapter,auto,weighted,0.69,fixed,0.164
1654,60,0.8525,0.9314,0.8756,2.9332,500,141,141,12,0.0163,2,DiTy/cross-encoder-russian-msmarco,auto,weighted,0.58,fixed,0.177
1655,60,0.8422,0.9336,0.8678,2.9171,316,194,92,12,0.0724,2,Alibaba-NLP/gte-reranker-modernbert-base,auto,weighted,0.88,fixed,0.151
1656,60,0.8456,0.9266,0.8637,2.9077,214,105,219,12,0.1627,2,DiTy/cross-encoder-russian-msmarco,auto,rrf,0.88,adaptive,0.151
1657,60,0.8093,0.9322,0.8705,2.8855,500,142,72,24,0.0563,2,Shattsur/nemotron-smeta-4bit-adapter,auto,weighted,0.83,adaptive,0.214
1658,60,0.8376,0.8988,0.8751,2.8788,298,83,99,18,0.0884,6,DiTy/cross-encoder-russian-msmarco,auto,rrf,0.85,fixed,0.177
1659,60,0.8270,0.9331,0.8817,2.9166,184,63,72,47,0.0139,2,Shattsur/nemotron-smeta-4bit-adapter,auto,rrf,0.83,adaptive,0.155
1660,60,0.8293,0.9343,0.8667,2.9039,33,220,140,10,0.0139,5,Shattsur/nemotron-smeta-4bit-adapter,auto,weighted,0.49,fixed,0.176
1661,60,0.8427,0.9227,0.8650,2.9015,116,141,99,12,0.0884,2,DiTy/cross-encoder-russian-msmarco,auto,rrf,0.39,fixed,0.151
1662,60,0.8488,0.9214,0.8771,2.9192,334,194,34,12,0.0224,2,DiTy/cross-encoder-russian-msmarco,auto,rrf,0.88,fixed,0.151
1663,60,0.8359,0.9347,0.8758,2.9209,358,40,246,20,0.0145,7,Shattsur/nemotron-smeta-4bit-adapter,auto,rrf,0.45,adaptive,0.147
1664,60,0.8426,0.9308,0.8742,2.9212,184,194,92,12,0.0976,4,Alibaba-NLP/gte-reranker-modernbert-base,auto,weighted,0.88,adaptive,0.073
1665,60,0.8439,0.9355,0.8833,2.9382,500,300,72,24,0.1093,2,Shattsur/nemotron-smeta-4bit-adapter,auto,weighted,0.45,adaptive,0.123
1666,60,0.8269,0.9145,0.8685,2.8797,163,145,252,12,0.0976,6,Alibaba-NLP/gte-reranker-modernbert-base,auto,rrf,0.88,adaptive,0.101
1667,60,0.8337,0.9074,0.8700,2.8795,163,88,207,28,0.1306,2,Alibaba-NLP/gte-reranker-modernbert-base,auto,rrf,0.86,adaptive,0.153
1668,60,0.8532,0.9331,0.8770,2.9375,412,256,169,11,0.0139,2,DiTy/cross-encoder-russian-msmarco,auto,weighted,0.28,fixed,0.094
1669,60,0.8445,0.9502,0.8843,2.9575,184,51,72,14,0.0543,2,Shattsur/nemotron-smeta-4bit-adapter,auto,rrf,0.83,adaptive,0.151
1670,60,0.8429,0.9327,0.8662,2.9148,462,258,281,20,0.0163,2,DiTy/cross-encoder-russian-msmarco,auto,rrf,0.72,fixed,0.239
1671,60,0.8441,0.9573,0.8806,2.9615,500,48,124,30,0.1306,2,Shattsur/nemotron-smeta-4bit-adapter,auto,rrf,0.50,fixed,0.057
1672,60,0.8383,0.9131,0.8770,2.8987,73,114,281,10,0.0125,3,Shattsur/nemotron-smeta-4bit-adapter,auto,rrf,0.35,fixed,0.153
1673,60,0.8278,0.9113,0.8662,2.8742,232,48,117,10,0.0163,8,Shattsur/nemotron-smeta-4bit-adapter,auto,weighted,0.49,fixed,0.201
1674,60,0.8383,0.9470,0.8764,2.9388,334,63,257,14,0.0224,2,Alibaba-NLP/gte-reranker-modernbert-base,auto,rrf,0.67,fixed,0.151
1675,60,0.8268,0.9087,0.8696,2.8739,431,30,99,20,0.1245,8,Shattsur/nemotron-smeta-4bit-adapter,auto,weighted,0.45,adaptive,0.108
1676,60,0.8477,0.9261,0.8643,2.9098,52,282,154,25,0.0139,2,DiTy/cross-encoder-russian-msmarco,auto,rrf,0.67,adaptive,0.177
1677,60,0.8300,0.9408,0.8661,2.9117,35,225,262,15,0.0716,2,Alibaba-NLP/gte-reranker-modernbert-base,auto,weighted,0.45,adaptive,0.074
1678,60,0.8422,0.9377,0.8800,2.9354,473,169,207,10,0.1343,2,Shattsur/nemotron-smeta-4bit-adapter,auto,weighted,0.34,fixed,0.145
1679,60,0.7642,0.9169,0.8616,2.8122,500,63,185,12,0.2466,2,Shattsur/nemotron-smeta-4bit-adapter,auto,rrf,0.88,fixed,0.181
